-- phpMyAdmin SQL Dump
-- version 5.1.1
-- https://www.phpmyadmin.net/
--
-- Servidor: 127.0.0.1
-- Tiempo de generación: 09-06-2023 a las 20:39:49
-- Versión del servidor: 10.4.20-MariaDB
-- Versión de PHP: 7.4.21

SET SQL_MODE = "NO_AUTO_VALUE_ON_ZERO";
START TRANSACTION;
SET time_zone = "+00:00";


/*!40101 SET @OLD_CHARACTER_SET_CLIENT=@@CHARACTER_SET_CLIENT */;
/*!40101 SET @OLD_CHARACTER_SET_RESULTS=@@CHARACTER_SET_RESULTS */;
/*!40101 SET @OLD_COLLATION_CONNECTION=@@COLLATION_CONNECTION */;
/*!40101 SET NAMES utf8mb4 */;

--
-- Base de datos: `proyecto_email`
--

-- --------------------------------------------------------

--
-- Estructura de tabla para la tabla `campain`
--

CREATE TABLE `campain` (
  `id_campain` int(11) NOT NULL,
  `name_campain` varchar(250) NOT NULL,
  `descripcion` varchar(50) NOT NULL,
  `title` varchar(100) NOT NULL,
  `subject` varchar(100) NOT NULL,
  `template` longtext NOT NULL
) ENGINE=InnoDB DEFAULT CHARSET=utf8mb4;

--
-- Volcado de datos para la tabla `campain`
--

INSERT INTO `campain` (`id_campain`, `name_campain`, `descripcion`, `title`, `subject`, `template`) VALUES
(1, 'Ejemplo', 'Campana de ejemplo', 'Welcome', 'Bienvenido', '<!DOCTYPE html PUBLIC \"-//W3C//DTD XHTML 1.0 Transitional//EN\" \"http://www.w3.org/TR/xhtml1/DTD/xhtml1-transitional.dtd\">\n<html xmlns=\"http://www.w3.org/1999/xhtml\" xmlns:o=\"urn:schemas-microsoft-com:office:office\" style=\"width:100%;-webkit-text-size-adjust:100%;-ms-text-size-adjust:100%;padding:0;Margin:0\">\n <head>\n  <meta charset=\"UTF-8\">\n  <meta content=\"width=device-width, initial-scale=1\" name=\"viewport\">\n  <meta name=\"x-apple-disable-message-reformatting\">\n  <meta http-equiv=\"X-UA-Compatible\" content=\"IE=edge\">\n  <meta content=\"telephone=no\" name=\"format-detection\">\n  <title>Nueva plantilla de correo electrC3B3nico 2023-02-18</title><!--[if (mso 16)]>\n    <style type=\"text/css\">\n    a {text-decoration: none;}\n    </style>\n    <![endif]--><!--[if gte mso 9]><style>sup { font-size: 100% !important; }</style><![endif]--><!--[if gte mso 9]>\n<xml>\n    <o:OfficeDocumentSettings>\n    <o:AllowPNG></o:AllowPNG>\n    <o:PixelsPerInch>96</o:PixelsPerInch>\n    </o:OfficeDocumentSettings>\n</xml>\n<![endif]--><!--[if !mso]><!-- -->\n  <link href=\"https://fonts.googleapis.com/css?family=Lora:400,400i,700,700i\" rel=\"stylesheet\"><!--<![endif]-->\n  <style type=\"text/css\">\n#outlook a {\n	padding:0;\n}\n.ExternalClass {\n	width:100%;\n}\n.ExternalClass,\n.ExternalClass p,\n.ExternalClass span,\n.ExternalClass font,\n.ExternalClass td,\n.ExternalClass div {\n	line-height:100%;\n}\n.es-button {\n	mso-style-priority:100!important;\n	text-decoration:none!important;\n}\na[x-apple-data-detectors] {\n	color:inherit!important;\n	text-decoration:none!important;\n	font-size:inherit!important;\n	font-family:inherit!important;\n	font-weight:inherit!important;\n	line-height:inherit!important;\n}\n.es-desk-hidden {\n	display:none;\n	float:left;\n	overflow:hidden;\n	width:0;\n	max-height:0;\n	line-height:0;\n	mso-hide:all;\n}\n@media only screen and (max-width:600px) {p, ul li, ol li, a { line-height:150%!important } h1, h2, h3, h1 a, h2 a, h3 a { line-height:120%!important } h1 { font-size:40px!important; text-align:center } h2 { font-size:26px!important; text-align:center } h3 { font-size:20px!important; text-align:center } h1 a { text-align:center } .es-header-body h1 a, .es-content-body h1 a, .es-footer-body h1 a { font-size:40px!important } h2 a { text-align:center } .es-header-body h2 a, .es-content-body h2 a, .es-footer-body h2 a { font-size:26px!important } h3 a { text-align:center } .es-header-body h3 a, .es-content-body h3 a, .es-footer-body h3 a { font-size:20px!important } .es-menu td a { font-size:14px!important } .es-header-body p, .es-header-body ul li, .es-header-body ol li, .es-header-body a { font-size:14px!important } .es-content-body p, .es-content-body ul li, .es-content-body ol li, .es-content-body a { font-size:14px!important } .es-footer-body p, .es-footer-body ul li, .es-footer-body ol li, .es-footer-body a { font-size:12px!important } .es-infoblock p, .es-infoblock ul li, .es-infoblock ol li, .es-infoblock a { font-size:11px!important } *[class=\"gmail-fix\"] { display:none!important } .es-m-txt-c, .es-m-txt-c h1, .es-m-txt-c h2, .es-m-txt-c h3 { text-align:center!important } .es-m-txt-r, .es-m-txt-r h1, .es-m-txt-r h2, .es-m-txt-r h3 { text-align:right!important } .es-m-txt-l, .es-m-txt-l h1, .es-m-txt-l h2, .es-m-txt-l h3 { text-align:left!important } .es-m-txt-r img, .es-m-txt-c img, .es-m-txt-l img { display:inline!important } .es-button-border { display:inline-block!important } a.es-button, button.es-button { font-size:18px!important; display:inline-block!important } .es-btn-fw { border-width:10px 0px!important; text-align:center!important } .es-adaptive table, .es-btn-fw, .es-btn-fw-brdr, .es-left, .es-right { width:100%!important } .es-content table, .es-header table, .es-footer table, .es-content, .es-footer, .es-header { width:100%!important; max-width:600px!important } .es-adapt-td { display:block!important; width:100%!important } .adapt-img { width:100%!important; height:auto!important } .es-m-p0 { padding:0px!important } .es-m-p0r { padding-right:0px!important } .es-m-p0l { padding-left:0px!important } .es-m-p0t { padding-top:0px!important } .es-m-p0b { padding-bottom:0!important } .es-m-p20b { padding-bottom:20px!important } .es-mobile-hidden, .es-hidden { display:none!important } tr.es-desk-hidden, td.es-desk-hidden, table.es-desk-hidden { width:auto!important; overflow:visible!important; float:none!important; max-height:inherit!important; line-height:inherit!important } tr.es-desk-hidden { display:table-row!important } table.es-desk-hidden { display:table!important } td.es-desk-menu-hidden { display:table-cell!important } .es-menu td { width:1%!important } table.es-table-not-adapt, .esd-block-html table { width:auto!important } table.es-social { display:inline-block!important } table.es-social td { display:inline-block!important } .es-desk-hidden { display:table-row!important; width:auto!important; overflow:visible!important; max-height:inherit!important } }\n</style>\n </head>\n <body style=\"width:100%;-webkit-text-size-adjust:100%;-ms-text-size-adjust:100%;font-family:arial, \'helvetica neue\', helvetica, sans-serif;padding:0;Margin:0\">\n  <div class=\"es-wrapper-color\" style=\"background-color:#F7F7F7\"><!--[if gte mso 9]>\n			<v:background xmlns:v=\"urn:schemas-microsoft-com:vml\" fill=\"t\">\n				<v:fill type=\"tile\" color=\"#f7f7f7\"></v:fill>\n			</v:background>\n		<![endif]-->\n   <table class=\"es-wrapper\" width=\"100%\" cellspacing=\"0\" cellpadding=\"0\" style=\"mso-table-lspace:0pt;mso-table-rspace:0pt;border-collapse:collapse;border-spacing:0px;padding:0;Margin:0;width:100%;height:100%;background-repeat:repeat;background-position:center top;background-color:#F7F7F7\">\n     <tr style=\"border-collapse:collapse\">\n      <td valign=\"top\" style=\"padding:0;Margin:0\">\n       <table cellpadding=\"0\" cellspacing=\"0\" class=\"es-content\" align=\"center\" style=\"mso-table-lspace:0pt;mso-table-rspace:0pt;border-collapse:collapse;border-spacing:0px;table-layout:fixed !important;width:100%\">\n         <tr style=\"border-collapse:collapse\">\n          <td class=\"es-adaptive\" align=\"center\" style=\"padding:0;Margin:0\">\n           <table class=\"es-content-body\" style=\"mso-table-lspace:0pt;mso-table-rspace:0pt;border-collapse:collapse;border-spacing:0px;background-color:transparent;width:600px\" cellspacing=\"0\" cellpadding=\"0\" bgcolor=\"#ffffff\" align=\"center\">\n             <tr style=\"border-collapse:collapse\">\n              <td align=\"left\" style=\"padding:10px;Margin:0\">\n               <table width=\"100%\" cellspacing=\"0\" cellpadding=\"0\" style=\"mso-table-lspace:0pt;mso-table-rspace:0pt;border-collapse:collapse;border-spacing:0px\">\n                 <tr style=\"border-collapse:collapse\">\n                  <td valign=\"top\" align=\"center\" style=\"padding:0;Margin:0;width:580px\">\n                   <table width=\"100%\" cellspacing=\"0\" cellpadding=\"0\" style=\"mso-table-lspace:0pt;mso-table-rspace:0pt;border-collapse:collapse;border-spacing:0px\">\n                     <tr style=\"border-collapse:collapse\">\n                      <td align=\"center\" class=\"es-infoblock\" style=\"padding:0;Margin:0;line-height:13px;font-size:11px;color:#999999\"><p style=\"Margin:0;-webkit-text-size-adjust:none;-ms-text-size-adjust:none;mso-line-height-rule:exactly;font-family:arial, \'helvetica neue\', helvetica, sans-serif;line-height:13px;color:#999999;font-size:11px\">Put your preheader text here. <a href=\"https://viewstripo.email\" class=\"view\" target=\"_blank\" style=\"-webkit-text-size-adjust:none;-ms-text-size-adjust:none;mso-line-height-rule:exactly;text-decoration:underline;color:#3D5CA3;font-size:11px\">View in browser</a></p></td>\n                     </tr>\n                   </table></td>\n                 </tr>\n               </table></td>\n             </tr>\n           </table></td>\n         </tr>\n       </table>\n       <table cellpadding=\"0\" cellspacing=\"0\" class=\"es-header\" align=\"center\" style=\"mso-table-lspace:0pt;mso-table-rspace:0pt;border-collapse:collapse;border-spacing:0px;table-layout:fixed !important;width:100%;background-color:transparent;background-repeat:repeat;background-position:center top\">\n         <tr style=\"border-collapse:collapse\">\n          <td class=\"es-adaptive\" align=\"center\" style=\"padding:0;Margin:0\">\n           <table class=\"es-header-body\" style=\"mso-table-lspace:0pt;mso-table-rspace:0pt;border-collapse:collapse;border-spacing:0px;background-color:#3d5ca3;width:600px\" cellspacing=\"0\" cellpadding=\"0\" bgcolor=\"#3d5ca3\" align=\"center\">\n             <tr style=\"border-collapse:collapse\">\n              <td style=\"Margin:0;padding-top:20px;padding-bottom:20px;padding-left:20px;padding-right:20px;background-color:#3d5ca3\" bgcolor=\"#3d5ca3\" align=\"left\">\n               <table cellspacing=\"0\" cellpadding=\"0\" width=\"100%\" style=\"mso-table-lspace:0pt;mso-table-rspace:0pt;border-collapse:collapse;border-spacing:0px\">\n                 <tr style=\"border-collapse:collapse\">\n                  <td align=\"left\" style=\"padding:0;Margin:0;width:560px\">\n                   <table width=\"100%\" cellspacing=\"0\" cellpadding=\"0\" style=\"mso-table-lspace:0pt;mso-table-rspace:0pt;border-collapse:collapse;border-spacing:0px\">\n                     <tr style=\"border-collapse:collapse\">\n                      <td class=\"es-m-p0l es-m-txt-c\" align=\"left\" style=\"padding:0;Margin:0;font-size:0\"><a href=\"https://viewstripo.email\" target=\"_blank\" style=\"-webkit-text-size-adjust:none;-ms-text-size-adjust:none;mso-line-height-rule:exactly;text-decoration:underline;color:#3D5CA3;font-size:14px\"><img src=\"https://meeefc.stripocdn.email/content/guids/CABINET_66498ea076b5d00c6f9553055acdb37a/images/12051527590691841.png\" alt style=\"display:block;border:0;outline:none;text-decoration:none;-ms-interpolation-mode:bicubic\" width=\"183\"></a></td>\n                     </tr>\n                   </table></td>\n                 </tr>\n               </table></td>\n             </tr>\n           </table></td>\n         </tr>\n       </table>\n       <table class=\"es-content\" cellspacing=\"0\" cellpadding=\"0\" align=\"center\" style=\"mso-table-lspace:0pt;mso-table-rspace:0pt;border-collapse:collapse;border-spacing:0px;table-layout:fixed !important;width:100%\">\n         <tr style=\"border-collapse:collapse\">\n          <td align=\"center\" style=\"padding:0;Margin:0\">\n           <table class=\"es-content-body\" style=\"mso-table-lspace:0pt;mso-table-rspace:0pt;border-collapse:collapse;border-spacing:0px;background-color:#fafafa;width:600px\" cellspacing=\"0\" cellpadding=\"0\" bgcolor=\"#fafafa\" align=\"center\">\n             <tr style=\"border-collapse:collapse\">\n              <td align=\"left\" style=\"Margin:0;padding-top:20px;padding-left:20px;padding-right:20px;padding-bottom:40px\">\n               <table width=\"100%\" cellspacing=\"0\" cellpadding=\"0\" style=\"mso-table-lspace:0pt;mso-table-rspace:0pt;border-collapse:collapse;border-spacing:0px\">\n                 <tr style=\"border-collapse:collapse\">\n                  <td valign=\"top\" align=\"center\" style=\"padding:0;Margin:0;width:560px\">\n                   <table width=\"100%\" cellspacing=\"0\" cellpadding=\"0\" style=\"mso-table-lspace:0pt;mso-table-rspace:0pt;border-collapse:collapse;border-spacing:0px\">\n                     <tr style=\"border-collapse:collapse\">\n                      <td align=\"center\" style=\"padding:0;Margin:0;padding-bottom:10px;padding-top:20px\"><h1 style=\"Margin:0;line-height:60px;mso-line-height-rule:exactly;font-family:lora, georgia, \'times new roman\', serif;font-size:50px;font-style:normal;font-weight:normal;color:#333333\"><em>Welcome <?= $nombre_person ?></em></h1></td>\n                     </tr>\n                     <tr style=\"border-collapse:collapse\">\n                      <td align=\"center\" style=\"padding:0;Margin:0;padding-top:10px;padding-bottom:10px\"><h4 style=\"Margin:0;line-height:120%;mso-line-height-rule:exactly;font-family:arial, \'helvetica neue\', helvetica, sans-serif;color:#333333\">We\'re happy to have you with us.</h4></td>\n                     </tr>\n                     <tr style=\"border-collapse:collapse\">\n                      <td align=\"center\" style=\"padding:0;Margin:0;padding-bottom:20px\"><p style=\"Margin:0;-webkit-text-size-adjust:none;-ms-text-size-adjust:none;mso-line-height-rule:exactly;font-family:arial, \'helvetica neue\', helvetica, sans-serif;line-height:21px;color:#333333;font-size:14px\">We teach classes in everything from business to medicine.</p><p style=\"Margin:0;-webkit-text-size-adjust:none;-ms-text-size-adjust:none;mso-line-height-rule:exactly;font-family:arial, \'helvetica neue\', helvetica, sans-serif;line-height:21px;color:#333333;font-size:14px\">Lorem ipsum dolor sit amet, consectetur adipiscing elit, sed do eiusmod tempor incididunt ut labore et dolore magna.</p></td>\n                     </tr>\n                   </table></td>\n                 </tr>\n               </table></td>\n             </tr>\n           </table></td>\n         </tr>\n       </table>\n       <table class=\"es-content\" cellspacing=\"0\" cellpadding=\"0\" align=\"center\" style=\"mso-table-lspace:0pt;mso-table-rspace:0pt;border-collapse:collapse;border-spacing:0px;table-layout:fixed !important;width:100%\">\n         <tr style=\"border-collapse:collapse\">\n          <td align=\"center\" style=\"padding:0;Margin:0\">\n           <table class=\"es-content-body\" cellspacing=\"0\" cellpadding=\"0\" bgcolor=\"#ffffff\" align=\"center\" style=\"mso-table-lspace:0pt;mso-table-rspace:0pt;border-collapse:collapse;border-spacing:0px;background-color:#FFFFFF;width:600px\">\n             <tr style=\"border-collapse:collapse\">\n              <td style=\"Margin:0;padding-bottom:5px;padding-left:20px;padding-right:20px;padding-top:30px;background-color:#ffffff;background-repeat:no-repeat\" bgcolor=\"#ffffff\" align=\"left\">\n               <table width=\"100%\" cellspacing=\"0\" cellpadding=\"0\" style=\"mso-table-lspace:0pt;mso-table-rspace:0pt;border-collapse:collapse;border-spacing:0px\">\n                 <tr style=\"border-collapse:collapse\">\n                  <td valign=\"top\" align=\"center\" style=\"padding:0;Margin:0;width:560px\">\n                   <table width=\"100%\" cellspacing=\"0\" cellpadding=\"0\" style=\"mso-table-lspace:0pt;mso-table-rspace:0pt;border-collapse:collapse;border-spacing:0px\">\n                     <tr style=\"border-collapse:collapse\">\n                      <td align=\"center\" style=\"padding:0;Margin:0\"><h3 style=\"Margin:0;line-height:24px;mso-line-height-rule:exactly;font-family:arial, \'helvetica neue\', helvetica, sans-serif;font-size:20px;font-style:normal;font-weight:normal;color:#3d5ca3\">Cursos:</h3></td>\n                     </tr>\n                   </table></td>\n                 </tr>\n               </table></td>\n             </tr>\n             <tr style=\"border-collapse:collapse\">\n              <td align=\"left\" style=\"padding:0;Margin:0;padding-top:20px;padding-left:20px;padding-right:20px\"><!--[if mso]><table style=\"width:560px\" cellpadding=\"0\" cellspacing=\"0\"><tr><td style=\"width:265px\" valign=\"top\"><![endif]-->\n               <table class=\"es-left\" cellspacing=\"0\" cellpadding=\"0\" align=\"left\" style=\"mso-table-lspace:0pt;mso-table-rspace:0pt;border-collapse:collapse;border-spacing:0px;float:left\">\n                 <tr style=\"border-collapse:collapse\">\n                  <td class=\"es-m-p20b\" align=\"left\" style=\"padding:0;Margin:0;width:255px\">\n                   <table width=\"100%\" cellspacing=\"0\" cellpadding=\"0\" style=\"mso-table-lspace:0pt;mso-table-rspace:0pt;border-collapse:collapse;border-spacing:0px\">\n                     <tr style=\"border-collapse:collapse\">\n                      <td align=\"center\" style=\"padding:0;Margin:0;padding-bottom:5px;padding-top:15px;font-size:0\"><a target=\"_blank\" href=\"https://viewstripo.email\" style=\"-webkit-text-size-adjust:none;-ms-text-size-adjust:none;mso-line-height-rule:exactly;text-decoration:underline;color:#3D5CA3;font-size:14px\"><img src=\"https://www.cyberark.com/wp-content/uploads/2019/11/Developer.jpg\" alt=\"Fill out a profile\" style=\"display:block;border:0;outline:none;text-decoration:none;-ms-interpolation-mode:bicubic\" title=\"Fill out a profile\" width=\"39\"></a></td>\n                     </tr>\n                     <tr style=\"border-collapse:collapse\">\n                      <td align=\"center\" style=\"padding:0;Margin:0;padding-top:5px;padding-bottom:5px\"><h4 style=\"Margin:0;line-height:120%;mso-line-height-rule:exactly;font-family:arial, \'helvetica neue\', helvetica, sans-serif;color:#333333\">Fill out a profile</h4></td>\n                     </tr>\n                     <tr style=\"border-collapse:collapse\">\n                      <td align=\"center\" style=\"padding:0;Margin:0\"><p style=\"Margin:0;-webkit-text-size-adjust:none;-ms-text-size-adjust:none;mso-line-height-rule:exactly;font-family:arial, \'helvetica neue\', helvetica, sans-serif;line-height:21px;color:#333333;font-size:14px\"><span class=\"product-description\">Quis autem vel eum iure reprehenderit qui in ea voluptate velit esse quam nihil molestiae consequatur.</span><br></p></td>\n                     </tr>\n                     <tr style=\"border-collapse:collapse\">\n                      <td align=\"center\" style=\"padding:0;Margin:0;padding-top:5px\"><p style=\"Margin:0;-webkit-text-size-adjust:none;-ms-text-size-adjust:none;mso-line-height-rule:exactly;font-family:arial, \'helvetica neue\', helvetica, sans-serif;line-height:21px;color:#333333;font-size:14px\"><a target=\"_blank\" href=\"https://viewstripo.email\" style=\"-webkit-text-size-adjust:none;-ms-text-size-adjust:none;mso-line-height-rule:exactly;text-decoration:underline;color:#3D5CA3;font-size:14px\">Read more »</a></p></td>\n                     </tr>\n                   </table></td>\n                  <td class=\"es-hidden\" style=\"padding:0;Margin:0;width:10px\"></td>\n                 </tr>\n               </table><!--[if mso]></td><td style=\"width:30px\" valign=\"top\"><![endif]-->\n               <table class=\"es-left\" cellspacing=\"0\" cellpadding=\"0\" align=\"left\" style=\"mso-table-lspace:0pt;mso-table-rspace:0pt;border-collapse:collapse;border-spacing:0px;float:left\">\n                 <tr class=\"es-hidden\" style=\"border-collapse:collapse\">\n                  <td class=\"es-m-p20b\" align=\"left\" style=\"padding:0;Margin:0;width:30px\">\n                   <table width=\"100%\" cellspacing=\"0\" cellpadding=\"0\" style=\"mso-table-lspace:0pt;mso-table-rspace:0pt;border-collapse:collapse;border-spacing:0px\">\n                     <tr style=\"border-collapse:collapse\">\n                      <td align=\"center\" style=\"padding:0;Margin:0;font-size:0\"><img src=\"https://meeefc.stripocdn.email/content/guids/CABINET_172236130180b7a4d5e1d9987369ca61/images/47561527672335572.png\" alt style=\"display:block;border:0;outline:none;text-decoration:none;-ms-interpolation-mode:bicubic\" width=\"30\"></td>\n                     </tr>\n                   </table></td>\n                 </tr>\n               </table><!--[if mso]></td><td style=\"width:10px\"></td><td style=\"width:255px\" valign=\"top\"><![endif]-->\n               <table class=\"es-right\" cellspacing=\"0\" cellpadding=\"0\" align=\"right\" style=\"mso-table-lspace:0pt;mso-table-rspace:0pt;border-collapse:collapse;border-spacing:0px;float:right\">\n                 <tr style=\"border-collapse:collapse\">\n                  <td class=\"es-m-p20b\" align=\"left\" style=\"padding:0;Margin:0;width:255px\">\n                   <table width=\"100%\" cellspacing=\"0\" cellpadding=\"0\" style=\"mso-table-lspace:0pt;mso-table-rspace:0pt;border-collapse:collapse;border-spacing:0px\">\n                     <tr style=\"border-collapse:collapse\">\n                      <td align=\"center\" style=\"padding:0;Margin:0;padding-bottom:5px;padding-top:15px;font-size:0\"><a target=\"_blank\" href=\"https://viewstripo.email\" style=\"-webkit-text-size-adjust:none;-ms-text-size-adjust:none;mso-line-height-rule:exactly;text-decoration:underline;color:#3D5CA3;font-size:14px\"><img src=\"https://meeefc.stripocdn.email/content/guids/CABINET_172236130180b7a4d5e1d9987369ca61/images/53701527675683912.png\" alt=\"Use planning tool\" style=\"display:block;border:0;outline:none;text-decoration:none;-ms-interpolation-mode:bicubic\" title=\"Use planning tool\" width=\"39\"></a></td>\n                     </tr>\n                     <tr style=\"border-collapse:collapse\">\n                      <td align=\"center\" style=\"padding:0;Margin:0;padding-top:5px;padding-bottom:5px\"><h4 style=\"Margin:0;line-height:120%;mso-line-height-rule:exactly;font-family:arial, \'helvetica neue\', helvetica, sans-serif;color:#333333\">Use planning tool</h4></td>\n                     </tr>\n                     <tr style=\"border-collapse:collapse\">\n                      <td align=\"center\" style=\"padding:0;Margin:0\"><p style=\"Margin:0;-webkit-text-size-adjust:none;-ms-text-size-adjust:none;mso-line-height-rule:exactly;font-family:arial, \'helvetica neue\', helvetica, sans-serif;line-height:21px;color:#333333;font-size:14px\"><span class=\"product-description\">Duis aute irure dolor in reprehenderit in voluptate velit esse cillum dolore eu fugiat nulla pariatur.</span><br></p></td>\n                     </tr>\n                     <tr style=\"border-collapse:collapse\">\n                      <td align=\"center\" style=\"padding:0;Margin:0;padding-top:5px\"><p style=\"Margin:0;-webkit-text-size-adjust:none;-ms-text-size-adjust:none;mso-line-height-rule:exactly;font-family:arial, \'helvetica neue\', helvetica, sans-serif;line-height:21px;color:#333333;font-size:14px\"><a target=\"_blank\" href=\"https://viewstripo.email\" style=\"-webkit-text-size-adjust:none;-ms-text-size-adjust:none;mso-line-height-rule:exactly;text-decoration:underline;color:#3D5CA3;font-size:14px\">Read more »</a></p></td>\n                     </tr>\n                   </table></td>\n                 </tr>\n               </table><!--[if mso]></td></tr></table><![endif]--></td>\n             </tr>\n             <tr style=\"border-collapse:collapse\">\n              <td align=\"left\" style=\"padding:0;Margin:0;padding-left:20px;padding-right:20px\">\n               <table width=\"100%\" cellspacing=\"0\" cellpadding=\"0\" style=\"mso-table-lspace:0pt;mso-table-rspace:0pt;border-collapse:collapse;border-spacing:0px\">\n                 <tr style=\"border-collapse:collapse\">\n                  <td valign=\"top\" align=\"center\" style=\"padding:0;Margin:0;width:560px\">\n                   <table width=\"100%\" cellspacing=\"0\" cellpadding=\"0\" style=\"mso-table-lspace:0pt;mso-table-rspace:0pt;border-collapse:collapse;border-spacing:0px\">\n                     <tr style=\"border-collapse:collapse\">\n                      <td align=\"center\" style=\"padding:0;Margin:0;font-size:0\">\n                       <table width=\"100%\" height=\"100%\" cellspacing=\"0\" cellpadding=\"0\" border=\"0\" style=\"mso-table-lspace:0pt;mso-table-rspace:0pt;border-collapse:collapse;border-spacing:0px\">\n                         <tr style=\"border-collapse:collapse\">\n                          <td style=\"padding:0;Margin:0;border-bottom:1px solid #cccccc;background:none;height:1px;width:100%;margin:0px\"></td>\n                         </tr>\n                       </table></td>\n                     </tr>\n                   </table></td>\n                 </tr>\n               </table></td>\n             </tr>\n             <tr style=\"border-collapse:collapse\">\n              <td align=\"left\" style=\"padding:0;Margin:0;padding-bottom:20px;padding-left:20px;padding-right:20px\"><!--[if mso]><table style=\"width:560px\" cellpadding=\"0\" cellspacing=\"0\"><tr><td style=\"width:265px\" valign=\"top\"><![endif]-->\n               <table class=\"es-left\" cellspacing=\"0\" cellpadding=\"0\" align=\"left\" style=\"mso-table-lspace:0pt;mso-table-rspace:0pt;border-collapse:collapse;border-spacing:0px;float:left\">\n                 <tr style=\"border-collapse:collapse\">\n                  <td class=\"es-m-p20b\" align=\"left\" style=\"padding:0;Margin:0;width:255px\">\n                   <table width=\"100%\" cellspacing=\"0\" cellpadding=\"0\" style=\"mso-table-lspace:0pt;mso-table-rspace:0pt;border-collapse:collapse;border-spacing:0px\">\n                     <tr style=\"border-collapse:collapse\">\n                      <td align=\"center\" style=\"padding:0;Margin:0;padding-bottom:5px;padding-top:25px;font-size:0\"><a target=\"_blank\" href=\"https://viewstripo.email\" style=\"-webkit-text-size-adjust:none;-ms-text-size-adjust:none;mso-line-height-rule:exactly;text-decoration:underline;color:#3D5CA3;font-size:14px\"><img src=\"https://meeefc.stripocdn.email/content/guids/CABINET_172236130180b7a4d5e1d9987369ca61/images/93981527675754800.png\" alt=\"Change settings\" style=\"display:block;border:0;outline:none;text-decoration:none;-ms-interpolation-mode:bicubic\" title=\"Change settings\" width=\"39\"></a></td>\n                     </tr>\n                     <tr style=\"border-collapse:collapse\">\n                      <td align=\"center\" style=\"padding:0;Margin:0;padding-top:5px;padding-bottom:5px\"><h4 style=\"Margin:0;line-height:120%;mso-line-height-rule:exactly;font-family:arial, \'helvetica neue\', helvetica, sans-serif;color:#333333\">Change settings</h4></td>\n                     </tr>\n                     <tr style=\"border-collapse:collapse\">\n                      <td align=\"center\" style=\"padding:0;Margin:0\"><p style=\"Margin:0;-webkit-text-size-adjust:none;-ms-text-size-adjust:none;mso-line-height-rule:exactly;font-family:arial, \'helvetica neue\', helvetica, sans-serif;line-height:21px;color:#333333;font-size:14px\"><span class=\"product-description\">Unknown printer took a galley of type and scrambled it to make a type specimen book.</span></p></td>\n                     </tr>\n                     <tr style=\"border-collapse:collapse\">\n                      <td align=\"center\" style=\"padding:0;Margin:0;padding-top:5px\"><p style=\"Margin:0;-webkit-text-size-adjust:none;-ms-text-size-adjust:none;mso-line-height-rule:exactly;font-family:arial, \'helvetica neue\', helvetica, sans-serif;line-height:21px;color:#333333;font-size:14px\"><a target=\"_blank\" href=\"https://viewstripo.email\" style=\"-webkit-text-size-adjust:none;-ms-text-size-adjust:none;mso-line-height-rule:exactly;text-decoration:underline;color:#3D5CA3;font-size:14px\">Read more »</a><br></p></td>\n                     </tr>\n                   </table></td>\n                  <td class=\"es-hidden\" style=\"padding:0;Margin:0;width:10px\"></td>\n                 </tr>\n               </table><!--[if mso]></td><td style=\"width:30px\" valign=\"top\"><![endif]-->\n               <table class=\"es-left\" cellspacing=\"0\" cellpadding=\"0\" align=\"left\" style=\"mso-table-lspace:0pt;mso-table-rspace:0pt;border-collapse:collapse;border-spacing:0px;float:left\">\n                 <tr class=\"es-hidden\" style=\"border-collapse:collapse\">\n                  <td class=\"es-m-p20b\" align=\"left\" style=\"padding:0;Margin:0;width:30px\">\n                   <table width=\"100%\" cellspacing=\"0\" cellpadding=\"0\" style=\"mso-table-lspace:0pt;mso-table-rspace:0pt;border-collapse:collapse;border-spacing:0px\">\n                     <tr style=\"border-collapse:collapse\">\n                      <td align=\"center\" style=\"padding:0;Margin:0;font-size:0\"><img src=\"https://meeefc.stripocdn.email/content/guids/CABINET_172236130180b7a4d5e1d9987369ca61/images/47561527672335572.png\" alt style=\"display:block;border:0;outline:none;text-decoration:none;-ms-interpolation-mode:bicubic\" width=\"30\"></td>\n                     </tr>\n                   </table></td>\n                 </tr>\n               </table><!--[if mso]></td><td style=\"width:10px\"></td><td style=\"width:255px\" valign=\"top\"><![endif]-->\n               <table class=\"es-right\" cellspacing=\"0\" cellpadding=\"0\" align=\"right\" style=\"mso-table-lspace:0pt;mso-table-rspace:0pt;border-collapse:collapse;border-spacing:0px;float:right\">\n                 <tr style=\"border-collapse:collapse\">\n                  <td align=\"left\" style=\"padding:0;Margin:0;width:255px\">\n                   <table width=\"100%\" cellspacing=\"0\" cellpadding=\"0\" style=\"mso-table-lspace:0pt;mso-table-rspace:0pt;border-collapse:collapse;border-spacing:0px\">\n                     <tr style=\"border-collapse:collapse\">\n                      <td align=\"center\" style=\"padding:0;Margin:0;padding-bottom:5px;padding-top:25px;font-size:0\"><a target=\"_blank\" href=\"https://viewstripo.email\" style=\"-webkit-text-size-adjust:none;-ms-text-size-adjust:none;mso-line-height-rule:exactly;text-decoration:underline;color:#3D5CA3;font-size:14px\"><img src=\"https://meeefc.stripocdn.email/content/guids/CABINET_172236130180b7a4d5e1d9987369ca61/images/33081527675753787.png\" alt=\"Invite friends\" style=\"display:block;border:0;outline:none;text-decoration:none;-ms-interpolation-mode:bicubic\" title=\"Invite friends\" width=\"39\"></a></td>\n                     </tr>\n                     <tr style=\"border-collapse:collapse\">\n                      <td align=\"center\" style=\"padding:0;Margin:0;padding-top:5px;padding-bottom:5px\"><h4 style=\"Margin:0;line-height:120%;mso-line-height-rule:exactly;font-family:arial, \'helvetica neue\', helvetica, sans-serif;color:#333333\">Invite friends</h4></td>\n                     </tr>\n                     <tr style=\"border-collapse:collapse\">\n                      <td align=\"center\" style=\"padding:0;Margin:0\"><p style=\"Margin:0;-webkit-text-size-adjust:none;-ms-text-size-adjust:none;mso-line-height-rule:exactly;font-family:arial, \'helvetica neue\', helvetica, sans-serif;line-height:21px;color:#333333;font-size:14px\"><span class=\"product-description\">Lorem ipsum dolor sit amet, consectetur adipiscing elit, sed do eiusmod tempor incididunt ut labore et dolore magna.</span></p></td>\n                     </tr>\n                     <tr style=\"border-collapse:collapse\">\n                      <td align=\"center\" style=\"padding:0;Margin:0;padding-top:5px\"><p style=\"Margin:0;-webkit-text-size-adjust:none;-ms-text-size-adjust:none;mso-line-height-rule:exactly;font-family:arial, \'helvetica neue\', helvetica, sans-serif;line-height:21px;color:#333333;font-size:14px\"><a target=\"_blank\" href=\"https://viewstripo.email\" style=\"-webkit-text-size-adjust:none;-ms-text-size-adjust:none;mso-line-height-rule:exactly;text-decoration:underline;color:#3D5CA3;font-size:14px\">Read more »</a></p></td>\n                     </tr>\n                   </table></td>\n                 </tr>\n               </table><!--[if mso]></td></tr></table><![endif]--></td>\n             </tr>\n             <tr style=\"border-collapse:collapse\">\n              <td align=\"left\" style=\"Margin:0;padding-top:10px;padding-left:20px;padding-right:20px;padding-bottom:30px\">\n               <table width=\"100%\" cellspacing=\"0\" cellpadding=\"0\" style=\"mso-table-lspace:0pt;mso-table-rspace:0pt;border-collapse:collapse;border-spacing:0px\">\n                 <tr style=\"border-collapse:collapse\">\n                  <td valign=\"top\" align=\"center\" style=\"padding:0;Margin:0;width:560px\">\n                   <table width=\"100%\" cellspacing=\"0\" cellpadding=\"0\" style=\"mso-table-lspace:0pt;mso-table-rspace:0pt;border-collapse:collapse;border-spacing:0px\">\n                     <tr style=\"border-collapse:collapse\">\n                      <td align=\"center\" style=\"padding:0;Margin:0\"><span class=\"es-button-border\" style=\"border-style:solid;border-color:#3D5CA3;background:#FFFFFF;border-width:2px;display:inline-block;border-radius:4px;width:auto;mso-border-alt:10px\"><a href=\"https://viewstripo.email/\" class=\"es-button\" target=\"_blank\" style=\"mso-style-priority:100 !important;text-decoration:none;-webkit-text-size-adjust:none;-ms-text-size-adjust:none;mso-line-height-rule:exactly;color:#3D5CA3;font-size:16px;display:inline-block;background:#FFFFFF;border-radius:4px;font-family:arial, \'helvetica neue\', helvetica, sans-serif;font-weight:normal;font-style:normal;line-height:19px;width:auto;text-align:center;padding:10px 15px 10px 15px\">Let\'s get started »</a></span></td>\n                     </tr>\n                   </table></td>\n                 </tr>\n               </table></td>\n             </tr>\n           </table></td>\n         </tr>\n       </table>\n       <table cellpadding=\"0\" cellspacing=\"0\" class=\"es-content\" align=\"center\" style=\"mso-table-lspace:0pt;mso-table-rspace:0pt;border-collapse:collapse;border-spacing:0px;table-layout:fixed !important;width:100%\">\n         <tr style=\"border-collapse:collapse\">\n          <td align=\"center\" style=\"padding:0;Margin:0\">\n           <table class=\"es-content-body\" cellspacing=\"0\" cellpadding=\"0\" bgcolor=\"#ffffff\" align=\"center\" style=\"mso-table-lspace:0pt;mso-table-rspace:0pt;border-collapse:collapse;border-spacing:0px;background-color:#FFFFFF;width:600px\">\n             <tr style=\"border-collapse:collapse\">\n              <td style=\"Margin:0;padding-left:10px;padding-right:10px;padding-top:15px;padding-bottom:15px;background-color:#f7c052\" bgcolor=\"#f7c052\" align=\"left\"><!--[if mso]><table style=\"width:580px\" cellpadding=\"0\" \n                            cellspacing=\"0\"><tr><td style=\"width:200px\" valign=\"top\"><![endif]-->\n               <table class=\"es-left\" cellspacing=\"0\" cellpadding=\"0\" align=\"left\" style=\"mso-table-lspace:0pt;mso-table-rspace:0pt;border-collapse:collapse;border-spacing:0px;float:left\">\n                 <tr style=\"border-collapse:collapse\">\n                  <td class=\"es-m-p0r es-m-p20b\" align=\"center\" style=\"padding:0;Margin:0;width:180px\">\n                   <table width=\"100%\" cellspacing=\"0\" cellpadding=\"0\" style=\"mso-table-lspace:0pt;mso-table-rspace:0pt;border-collapse:collapse;border-spacing:0px\">\n                     <tr style=\"border-collapse:collapse\">\n                      <td align=\"center\" style=\"padding:0;Margin:0;padding-bottom:5px;font-size:0\"><img src=\"https://meeefc.stripocdn.email/content/guids/CABINET_66498ea076b5d00c6f9553055acdb37a/images/39911527588288171.png\" alt style=\"display:block;border:0;outline:none;text-decoration:none;-ms-interpolation-mode:bicubic\" width=\"24\"></td>\n                     </tr>\n                     <tr style=\"border-collapse:collapse\">\n                      <td align=\"center\" style=\"padding:0;Margin:0;padding-left:5px;padding-right:5px\"><p style=\"Margin:0;-webkit-text-size-adjust:none;-ms-text-size-adjust:none;mso-line-height-rule:exactly;font-family:arial, \'helvetica neue\', helvetica, sans-serif;line-height:24px;color:#ffffff;font-size:16px\">1513 Garfield Park Ave, Lebanon, OH 45036</p></td>\n                     </tr>\n                   </table></td>\n                  <td class=\"es-hidden\" style=\"padding:0;Margin:0;width:20px\"></td>\n                 </tr>\n               </table><!--[if mso]></td><td style=\"width:180px\" valign=\"top\"><![endif]-->\n               <table class=\"es-left\" cellspacing=\"0\" cellpadding=\"0\" align=\"left\" style=\"mso-table-lspace:0pt;mso-table-rspace:0pt;border-collapse:collapse;border-spacing:0px;float:left\">\n                 <tr style=\"border-collapse:collapse\">\n                  <td class=\"es-m-p20b\" align=\"center\" style=\"padding:0;Margin:0;width:180px\">\n                   <table width=\"100%\" cellspacing=\"0\" cellpadding=\"0\" style=\"mso-table-lspace:0pt;mso-table-rspace:0pt;border-collapse:collapse;border-spacing:0px\">\n                     <tr style=\"border-collapse:collapse\">\n                      <td align=\"center\" style=\"padding:0;Margin:0;padding-bottom:5px;font-size:0\"><img src=\"https://meeefc.stripocdn.email/content/guids/CABINET_66498ea076b5d00c6f9553055acdb37a/images/35681527588356492.png\" alt style=\"display:block;border:0;outline:none;text-decoration:none;-ms-interpolation-mode:bicubic\" width=\"24\"></td>\n                     </tr>\n                     <tr style=\"border-collapse:collapse\">\n                      <td esdev-links-color=\"#ffffff\" align=\"center\" style=\"padding:0;Margin:0\"><p style=\"Margin:0;-webkit-text-size-adjust:none;-ms-text-size-adjust:none;mso-line-height-rule:exactly;font-family:arial, \'helvetica neue\', helvetica, sans-serif;line-height:21px;color:#ffffff;font-size:14px\"><a target=\"_blank\" style=\"-webkit-text-size-adjust:none;-ms-text-size-adjust:none;mso-line-height-rule:exactly;text-decoration:underline;color:#ffffff;font-size:18px\" href=\"mailto:your@mail.com\">your@mail.com</a></p></td>\n                     </tr>\n                   </table></td>\n                 </tr>\n               </table><!--[if mso]></td><td style=\"width:20px\"></td><td style=\"width:180px\" valign=\"top\"><![endif]-->\n               <table class=\"es-right\" cellspacing=\"0\" cellpadding=\"0\" align=\"right\" style=\"mso-table-lspace:0pt;mso-table-rspace:0pt;border-collapse:collapse;border-spacing:0px;float:right\">\n                 <tr style=\"border-collapse:collapse\">\n                  <td align=\"center\" style=\"padding:0;Margin:0;width:180px\">\n                   <table width=\"100%\" cellspacing=\"0\" cellpadding=\"0\" style=\"mso-table-lspace:0pt;mso-table-rspace:0pt;border-collapse:collapse;border-spacing:0px\">\n                     <tr style=\"border-collapse:collapse\">\n                      <td align=\"center\" style=\"padding:0;Margin:0;padding-bottom:5px;font-size:0\"><img src=\"https://meeefc.stripocdn.email/content/guids/CABINET_66498ea076b5d00c6f9553055acdb37a/images/50681527588357616.png\" alt style=\"display:block;border:0;outline:none;text-decoration:none;-ms-interpolation-mode:bicubic\" width=\"24\"></td>\n                     </tr>\n                     <tr style=\"border-collapse:collapse\">\n                      <td align=\"center\" style=\"padding:0;Margin:0\"><p style=\"Margin:0;-webkit-text-size-adjust:none;-ms-text-size-adjust:none;mso-line-height-rule:exactly;font-family:arial, \'helvetica neue\', helvetica, sans-serif;line-height:24px;color:#ffffff;font-size:16px\"><a target=\"_blank\" style=\"-webkit-text-size-adjust:none;-ms-text-size-adjust:none;mso-line-height-rule:exactly;text-decoration:underline;color:#ffffff;font-size:16px\" href=\"tel:123456789\">123456789</a></p></td>\n                     </tr>\n                   </table></td>\n                 </tr>\n               </table><!--[if mso]></td></tr></table><![endif]--></td>\n             </tr>\n           </table></td>\n         </tr>\n       </table>\n       <table cellpadding=\"0\" cellspacing=\"0\" class=\"es-footer\" align=\"center\" style=\"mso-table-lspace:0pt;mso-table-rspace:0pt;border-collapse:collapse;border-spacing:0px;table-layout:fixed !important;width:100%;background-color:transparent;background-repeat:repeat;background-position:center top\">\n         <tr style=\"border-collapse:collapse\">\n          <td align=\"center\" style=\"padding:0;Margin:0\">\n           <table class=\"es-footer-body\" cellspacing=\"0\" cellpadding=\"0\" align=\"center\" style=\"mso-table-lspace:0pt;mso-table-rspace:0pt;border-collapse:collapse;border-spacing:0px;background-color:transparent;width:600px\">\n             <tr style=\"border-collapse:collapse\">\n              <td align=\"left\" style=\"padding:0;Margin:0;padding-left:10px;padding-right:10px;padding-top:20px\"><!--[if mso]><table style=\"width:580px\" cellpadding=\"0\"\n                            cellspacing=\"0\"><tr><td style=\"width:190px\" valign=\"top\"><![endif]-->\n               <table class=\"es-left\" cellspacing=\"0\" cellpadding=\"0\" align=\"left\" style=\"mso-table-lspace:0pt;mso-table-rspace:0pt;border-collapse:collapse;border-spacing:0px;float:left\">\n                 <tr style=\"border-collapse:collapse\">\n                  <td class=\"es-m-p0r es-m-p20b\" valign=\"top\" align=\"center\" style=\"padding:0;Margin:0;width:190px\">\n                   <table width=\"100%\" cellspacing=\"0\" cellpadding=\"0\" style=\"mso-table-lspace:0pt;mso-table-rspace:0pt;border-collapse:collapse;border-spacing:0px\">\n                     <tr style=\"border-collapse:collapse\">\n                      <td class=\"es-m-txt-c\" esdev-links-color=\"#666666\" align=\"right\" style=\"padding:0;Margin:0;padding-top:5px\"><h4 style=\"Margin:0;line-height:120%;mso-line-height-rule:exactly;font-family:arial, \'helvetica neue\', helvetica, sans-serif;color:#666666\">Follow us:</h4></td>\n                     </tr>\n                   </table></td>\n                 </tr>\n               </table><!--[if mso]></td><td style=\"width:20px\"></td><td style=\"width:370px\" valign=\"top\"><![endif]-->\n               <table cellspacing=\"0\" cellpadding=\"0\" align=\"right\" style=\"mso-table-lspace:0pt;mso-table-rspace:0pt;border-collapse:collapse;border-spacing:0px\">\n                 <tr style=\"border-collapse:collapse\">\n                  <td align=\"left\" style=\"padding:0;Margin:0;width:370px\">\n                   <table width=\"100%\" cellspacing=\"0\" cellpadding=\"0\" style=\"mso-table-lspace:0pt;mso-table-rspace:0pt;border-collapse:collapse;border-spacing:0px\">\n                     <tr style=\"border-collapse:collapse\">\n                      <td class=\"es-m-txt-c\" align=\"left\" style=\"padding:0;Margin:0;font-size:0\">\n                       <table class=\"es-table-not-adapt es-social\" cellspacing=\"0\" cellpadding=\"0\" style=\"mso-table-lspace:0pt;mso-table-rspace:0pt;border-collapse:collapse;border-spacing:0px\">\n                         <tr style=\"border-collapse:collapse\">\n                          <td valign=\"top\" align=\"center\" style=\"padding:0;Margin:0;padding-right:15px\"><img title=\"Facebook\" src=\"https://meeefc.stripocdn.email/content/assets/img/social-icons/rounded-gray/facebook-rounded-gray.png\" alt=\"Fb\" width=\"32\" height=\"32\" style=\"display:block;border:0;outline:none;text-decoration:none;-ms-interpolation-mode:bicubic\"></td>\n                          <td valign=\"top\" align=\"center\" style=\"padding:0;Margin:0;padding-right:15px\"><img title=\"Twitter\" src=\"https://meeefc.stripocdn.email/content/assets/img/social-icons/rounded-gray/twitter-rounded-gray.png\" alt=\"Tw\" width=\"32\" height=\"32\" style=\"display:block;border:0;outline:none;text-decoration:none;-ms-interpolation-mode:bicubic\"></td>\n                          <td valign=\"top\" align=\"center\" style=\"padding:0;Margin:0;padding-right:15px\"><img title=\"Instagram\" src=\"https://meeefc.stripocdn.email/content/assets/img/social-icons/rounded-gray/instagram-rounded-gray.png\" alt=\"Inst\" width=\"32\" height=\"32\" style=\"display:block;border:0;outline:none;text-decoration:none;-ms-interpolation-mode:bicubic\"></td>\n                          <td valign=\"top\" align=\"center\" style=\"padding:0;Margin:0;padding-right:15px\"><img title=\"Youtube\" src=\"https://meeefc.stripocdn.email/content/assets/img/social-icons/rounded-gray/youtube-rounded-gray.png\" alt=\"Yt\" width=\"32\" height=\"32\" style=\"display:block;border:0;outline:none;text-decoration:none;-ms-interpolation-mode:bicubic\"></td>\n                          <td valign=\"top\" align=\"center\" style=\"padding:0;Margin:0;padding-right:15px\"><img title=\"Linkedin\" src=\"https://meeefc.stripocdn.email/content/assets/img/social-icons/rounded-gray/linkedin-rounded-gray.png\" alt=\"In\" width=\"32\" height=\"32\" style=\"display:block;border:0;outline:none;text-decoration:none;-ms-interpolation-mode:bicubic\"></td>\n                          <td valign=\"top\" align=\"center\" style=\"padding:0;Margin:0;padding-right:10px\"><img title=\"Pinterest\" src=\"https://meeefc.stripocdn.email/content/assets/img/social-icons/rounded-gray/pinterest-rounded-gray.png\" alt=\"P\" width=\"32\" height=\"32\" style=\"display:block;border:0;outline:none;text-decoration:none;-ms-interpolation-mode:bicubic\"></td>\n                         </tr>\n                       </table></td>\n                     </tr>\n                   </table></td>\n                 </tr>\n               </table><!--[if mso]></td></tr></table><![endif]--></td>\n             </tr>\n             <tr style=\"border-collapse:collapse\">\n              <td align=\"left\" style=\"Margin:0;padding-top:5px;padding-bottom:10px;padding-left:10px;padding-right:10px\">\n               <table width=\"100%\" cellspacing=\"0\" cellpadding=\"0\" style=\"mso-table-lspace:0pt;mso-table-rspace:0pt;border-collapse:collapse;border-spacing:0px\">\n                 <tr style=\"border-collapse:collapse\">\n                  <td valign=\"top\" align=\"center\" style=\"padding:0;Margin:0;width:580px\">\n                   <table width=\"100%\" cellspacing=\"0\" cellpadding=\"0\" style=\"mso-table-lspace:0pt;mso-table-rspace:0pt;border-collapse:collapse;border-spacing:0px\">\n                     <tr style=\"border-collapse:collapse\">\n                      <td align=\"center\" style=\"padding:0;Margin:0;padding-top:5px;padding-bottom:10px\"><h5 style=\"Margin:0;line-height:120%;mso-line-height-rule:exactly;font-family:arial, \'helvetica neue\', helvetica, sans-serif;color:#666666\">Contact us: <a target=\"_blank\" href=\"tel:123456789\" style=\"-webkit-text-size-adjust:none;-ms-text-size-adjust:none;mso-line-height-rule:exactly;text-decoration:underline;color:#666666;font-size:12px\">123456789</a> | <a target=\"_blank\" href=\"mailto:your@mail.com\" style=\"-webkit-text-size-adjust:none;-ms-text-size-adjust:none;mso-line-height-rule:exactly;text-decoration:underline;color:#666666;font-size:12px\">your@mail.com</a></h5></td>\n                     </tr>\n                     <tr style=\"border-collapse:collapse\">\n                      <td align=\"center\" style=\"padding:0;Margin:0\"><p style=\"Margin:0;-webkit-text-size-adjust:none;-ms-text-size-adjust:none;mso-line-height-rule:exactly;font-family:arial, \'helvetica neue\', helvetica, sans-serif;line-height:18px;color:#666666;font-size:12px\">This daily newsletter was sent to <a target=\"_blank\" href=\"mailto:info@name.com\" style=\"-webkit-text-size-adjust:none;-ms-text-size-adjust:none;mso-line-height-rule:exactly;text-decoration:underline;color:#666666;font-size:12px\">info@edu.com</a> from company name because you subscribed.</p><p style=\"Margin:0;-webkit-text-size-adjust:none;-ms-text-size-adjust:none;mso-line-height-rule:exactly;font-family:arial, \'helvetica neue\', helvetica, sans-serif;line-height:18px;color:#666666;font-size:12px\">If you would not like to receive this email <a target=\"_blank\" class=\"unsubscribe\" href=\"\" style=\"-webkit-text-size-adjust:none;-ms-text-size-adjust:none;mso-line-height-rule:exactly;text-decoration:underline;color:#666666;font-size:12px\">unsubscribe here</a>.</p></td>\n                     </tr>\n                   </table></td>\n                 </tr>\n               </table></td>\n             </tr>\n           </table></td>\n         </tr>\n       </table>\n       <table class=\"es-content\" cellspacing=\"0\" cellpadding=\"0\" align=\"center\" style=\"mso-table-lspace:0pt;mso-table-rspace:0pt;border-collapse:collapse;border-spacing:0px;table-layout:fixed !important;width:100%\">\n         <tr style=\"border-collapse:collapse\">\n          <td align=\"center\" style=\"padding:0;Margin:0\">\n           <table class=\"es-content-body\" style=\"mso-table-lspace:0pt;mso-table-rspace:0pt;border-collapse:collapse;border-spacing:0px;background-color:transparent;width:600px\" cellspacing=\"0\" cellpadding=\"0\" bgcolor=\"#ffffff\" align=\"center\">\n             <tr style=\"border-collapse:collapse\">\n              <td align=\"left\" style=\"Margin:0;padding-left:20px;padding-right:20px;padding-top:30px;padding-bottom:30px\">\n               <table width=\"100%\" cellspacing=\"0\" cellpadding=\"0\" style=\"mso-table-lspace:0pt;mso-table-rspace:0pt;border-collapse:collapse;border-spacing:0px\">\n                 <tr style=\"border-collapse:collapse\">\n                  <td valign=\"top\" align=\"center\" style=\"padding:0;Margin:0;width:560px\">\n                   <table width=\"100%\" cellspacing=\"0\" cellpadding=\"0\" style=\"mso-table-lspace:0pt;mso-table-rspace:0pt;border-collapse:collapse;border-spacing:0px\">\n                     <tr style=\"border-collapse:collapse\">\n                      <td class=\"es-infoblock made_with\" align=\"center\" style=\"padding:0;Margin:0;line-height:120%;font-size:0;color:#999999\"><a target=\"_blank\" href=\"https://viewstripo.email/?utm_source=templates&utm_medium=email&utm_campaign=education&utm_content=trigger_newsletter\" style=\"-webkit-text-size-adjust:none;-ms-text-size-adjust:none;mso-line-height-rule:exactly;text-decoration:underline;color:#3D5CA3;font-size:11px\"><img src=\"https://meeefc.stripocdn.email/content/guids/cab_pub_7cbbc409ec990f19c78c75bd1e06f215/images/78411525331495932.png\" alt style=\"display:block;border:0;outline:none;text-decoration:none;-ms-interpolation-mode:bicubic\" width=\"125\"></a></td>\n                     </tr>\n                   </table></td>\n                 </tr>\n               </table></td>\n             </tr>\n           </table></td>\n         </tr>\n       </table></td>\n     </tr>\n   </table>\n  </div>\n </body>\n</html>');
INSERT INTO `campain` (`id_campain`, `name_campain`, `descripcion`, `title`, `subject`, `template`) VALUES
(26, 'Campaña de Ejemplo 2', 'Esta campaña es una demostración', 'Prueba de Campañas', 'Prueba de Envio', '<!--[endif]---->\r\n<table class=\"es-wrapper\" style=\"mso-table-lspace: 0pt; mso-table-rspace: 0pt; border-collapse: collapse; border-spacing: 0px; padding: 0; margin: 0; width: 100%; height: 100%; background-repeat: repeat; background-position: center top; background-color: #f3fbfb;\" width=\"100%\" cellspacing=\"0\" cellpadding=\"0\">\r\n<tbody>\r\n<tr>\r\n<td style=\"padding: 0; margin: 0;\" valign=\"top\">\r\n<table class=\"es-header\" style=\"mso-table-lspace: 0pt; mso-table-rspace: 0pt; border-collapse: collapse; border-spacing: 0px; table-layout: fixed !important; width: 100%; background-color: transparent; background-repeat: repeat; background-position: center top;\" cellspacing=\"0\" cellpadding=\"0\" align=\"center\">\r\n<tbody>\r\n<tr>\r\n<td style=\"padding: 0; margin: 0;\" align=\"center\">\r\n<table class=\"es-header-body\" style=\"mso-table-lspace: 0pt; mso-table-rspace: 0pt; border-collapse: collapse; border-spacing: 0px; background-color: transparent; width: 600px;\" cellspacing=\"0\" cellpadding=\"0\" align=\"center\" bgcolor=\"#ffffff\">\r\n<tbody>\r\n<tr>\r\n<td class=\"es-m-p20r es-m-p20l\" style=\"padding: 0; margin: 0; padding-top: 20px; padding-bottom: 20px;\" align=\"left\"><!-- [if mso]><table style=\"width:600px\" cellpadding=\"0\" cellspacing=\"0\"><tr><td style=\"width:207px\" valign=\"top\"><![endif]-->\r\n<table class=\"es-left\" style=\"mso-table-lspace: 0pt; mso-table-rspace: 0pt; border-collapse: collapse; border-spacing: 0px; float: left;\" cellspacing=\"0\" cellpadding=\"0\" align=\"left\">\r\n<tbody>\r\n<tr>\r\n<td class=\"es-m-p20b\" style=\"padding: 0; margin: 0; width: 187px;\" align=\"center\" valign=\"top\">\r\n<table style=\"mso-table-lspace: 0pt; mso-table-rspace: 0pt; border-collapse: collapse; border-spacing: 0px;\" width=\"100%\" cellspacing=\"0\" cellpadding=\"0\">\r\n<tbody>\r\n<tr>\r\n<td class=\"es-m-txt-c\" style=\"padding: 0; margin: 0; padding-top: 10px; padding-bottom: 10px;\" align=\"left\">\r\n<p style=\"margin: 0; -webkit-text-size-adjust: none; -ms-text-size-adjust: none; mso-line-height-rule: exactly; font-family: \'Libre Franklin\', Arial, sans-serif; line-height: 21px; color: #382c39; font-size: 14px;\"><a style=\"-webkit-text-size-adjust: none; -ms-text-size-adjust: none; mso-line-height-rule: exactly; text-decoration: none; color: #382c39; font-size: 14px;\" href=\"https://viewstripo.email\" target=\"_blank\" rel=\"noopener\">View online</a></p>\r\n</td>\r\n</tr>\r\n</tbody>\r\n</table>\r\n</td>\r\n<td class=\"es-hidden\" style=\"padding: 0; margin: 0; width: 20px;\">&nbsp;</td>\r\n</tr>\r\n</tbody>\r\n</table>\r\n<!-- [if mso]></td><td style=\"width:187px\" valign=\"top\"><![endif]-->\r\n<table class=\"es-left\" style=\"mso-table-lspace: 0pt; mso-table-rspace: 0pt; border-collapse: collapse; border-spacing: 0px; float: left;\" cellspacing=\"0\" cellpadding=\"0\" align=\"left\">\r\n<tbody>\r\n<tr>\r\n<td class=\"es-m-p20b\" style=\"padding: 0; margin: 0; width: 187px;\" align=\"left\">\r\n<table style=\"mso-table-lspace: 0pt; mso-table-rspace: 0pt; border-collapse: collapse; border-spacing: 0px;\" width=\"100%\" cellspacing=\"0\" cellpadding=\"0\">\r\n<tbody>\r\n<tr>\r\n<td style=\"padding: 0; margin: 0; font-size: 0px;\" align=\"center\"><a style=\"-webkit-text-size-adjust: none; -ms-text-size-adjust: none; mso-line-height-rule: exactly; text-decoration: underline; color: #382c39; font-size: 14px;\" href=\"https://viewstripo.email\" target=\"_blank\" rel=\"noopener\"><img style=\"display: block; border: 0; outline: none; text-decoration: none; -ms-interpolation-mode: bicubic;\" title=\"Logo\" src=\"https://meeefc.stripocdn.email/content/guids/CABINET_dca0fb2032c2edda501cc90cd74002cdcfaf83f49d09f4daadda41efda9b0873/images/group.png\" alt=\"Logo\" width=\"60\"></a></td>\r\n</tr>\r\n</tbody>\r\n</table>\r\n</td>\r\n</tr>\r\n</tbody>\r\n</table>\r\n<!-- [if mso]></td><td style=\"width:20px\"></td><td style=\"width:186px\" valign=\"top\"><![endif]-->\r\n<table class=\"es-right\" style=\"mso-table-lspace: 0pt; mso-table-rspace: 0pt; border-collapse: collapse; border-spacing: 0px; float: right;\" cellspacing=\"0\" cellpadding=\"0\" align=\"right\">\r\n<tbody>\r\n<tr>\r\n<td style=\"padding: 0; margin: 0; width: 186px;\" align=\"left\">\r\n<table style=\"mso-table-lspace: 0pt; mso-table-rspace: 0pt; border-collapse: collapse; border-spacing: 0px;\" width=\"100%\" cellspacing=\"0\" cellpadding=\"0\">\r\n<tbody>\r\n<tr>\r\n<td class=\"es-m-txt-c\" style=\"padding: 0; margin: 0; padding-top: 5px; padding-bottom: 5px; font-size: 0;\" align=\"right\">\r\n<table class=\"es-table-not-adapt es-social\" style=\"mso-table-lspace: 0pt; mso-table-rspace: 0pt; border-collapse: collapse; border-spacing: 0px;\" cellspacing=\"0\" cellpadding=\"0\">\r\n<tbody>\r\n<tr>\r\n<td style=\"padding: 0; margin: 0; padding-right: 10px;\" align=\"center\" valign=\"top\"><a style=\"-webkit-text-size-adjust: none; -ms-text-size-adjust: none; mso-line-height-rule: exactly; text-decoration: underline; color: #382c39; font-size: 14px;\" href=\"https://viewstripo.email\" target=\"_blank\" rel=\"noopener\"><img style=\"display: block; border: 0; outline: none; text-decoration: none; -ms-interpolation-mode: bicubic;\" title=\"Facebook\" src=\"https://meeefc.stripocdn.email/content/assets/img/social-icons/logo-black/facebook-logo-black.png\" alt=\"Fb\" width=\"24\"></a></td>\r\n<td style=\"padding: 0; margin: 0; padding-right: 10px;\" align=\"center\" valign=\"top\"><a style=\"-webkit-text-size-adjust: none; -ms-text-size-adjust: none; mso-line-height-rule: exactly; text-decoration: underline; color: #382c39; font-size: 14px;\" href=\"https://viewstripo.email\" target=\"_blank\" rel=\"noopener\"><img style=\"display: block; border: 0; outline: none; text-decoration: none; -ms-interpolation-mode: bicubic;\" title=\"Twitter\" src=\"https://meeefc.stripocdn.email/content/assets/img/social-icons/logo-black/twitter-logo-black.png\" alt=\"Tw\" width=\"24\"></a></td>\r\n<td style=\"padding: 0; margin: 0; padding-right: 10px;\" align=\"center\" valign=\"top\"><a style=\"-webkit-text-size-adjust: none; -ms-text-size-adjust: none; mso-line-height-rule: exactly; text-decoration: underline; color: #382c39; font-size: 14px;\" href=\"https://viewstripo.email\" target=\"_blank\" rel=\"noopener\"><img style=\"display: block; border: 0; outline: none; text-decoration: none; -ms-interpolation-mode: bicubic;\" title=\"Instagram\" src=\"https://meeefc.stripocdn.email/content/assets/img/social-icons/logo-black/instagram-logo-black.png\" alt=\"Ig\" width=\"24\"></a></td>\r\n<td style=\"padding: 0; margin: 0;\" align=\"center\" valign=\"top\"><a style=\"-webkit-text-size-adjust: none; -ms-text-size-adjust: none; mso-line-height-rule: exactly; text-decoration: underline; color: #382c39; font-size: 14px;\" href=\"https://viewstripo.email\" target=\"_blank\" rel=\"noopener\"><img style=\"display: block; border: 0; outline: none; text-decoration: none; -ms-interpolation-mode: bicubic;\" title=\"Youtube\" src=\"https://meeefc.stripocdn.email/content/assets/img/social-icons/logo-black/youtube-logo-black.png\" alt=\"Yt\" width=\"24\"></a></td>\r\n</tr>\r\n</tbody>\r\n</table>\r\n</td>\r\n</tr>\r\n</tbody>\r\n</table>\r\n</td>\r\n</tr>\r\n</tbody>\r\n</table>\r\n<!-- [if mso]></td></tr></table><![endif]--></td>\r\n</tr>\r\n</tbody>\r\n</table>\r\n</td>\r\n</tr>\r\n</tbody>\r\n</table>\r\n<table class=\"es-content\" style=\"mso-table-lspace: 0pt; mso-table-rspace: 0pt; border-collapse: collapse; border-spacing: 0px; table-layout: fixed !important; width: 100%;\" cellspacing=\"0\" cellpadding=\"0\" align=\"center\">\r\n<tbody>\r\n<tr>\r\n<td style=\"padding: 0; margin: 0;\" align=\"center\">\r\n<table class=\"es-content-body\" style=\"mso-table-lspace: 0pt; mso-table-rspace: 0pt; border-collapse: collapse; border-spacing: 0px; background-color: #ffffff; width: 600px;\" cellspacing=\"0\" cellpadding=\"0\" align=\"center\" bgcolor=\"#ffffff\">\r\n<tbody>\r\n<tr>\r\n<td style=\"padding: 0; margin: 0;\" align=\"left\">\r\n<table style=\"mso-table-lspace: 0pt; mso-table-rspace: 0pt; border-collapse: collapse; border-spacing: 0px;\" width=\"100%\" cellspacing=\"0\" cellpadding=\"0\">\r\n<tbody>\r\n<tr>\r\n<td style=\"padding: 0; margin: 0; width: 600px;\" align=\"center\" valign=\"top\">\r\n<table style=\"mso-table-lspace: 0pt; mso-table-rspace: 0pt; border-collapse: collapse; border-spacing: 0px;\" width=\"100%\" cellspacing=\"0\" cellpadding=\"0\">\r\n<tbody>\r\n<tr>\r\n<td style=\"padding: 0; margin: 0; font-size: 0;\" align=\"center\">\r\n<table style=\"mso-table-lspace: 0pt; mso-table-rspace: 0pt; border-collapse: collapse; border-spacing: 0px;\" border=\"0\" width=\"100%\" cellspacing=\"0\" cellpadding=\"0\">\r\n<tbody>\r\n<tr>\r\n<td style=\"padding: 0; margin: 0px; border-bottom: 5px solid #218380; background: unset; height: 1px; width: 100%;\">&nbsp;</td>\r\n</tr>\r\n</tbody>\r\n</table>\r\n</td>\r\n</tr>\r\n</tbody>\r\n</table>\r\n</td>\r\n</tr>\r\n</tbody>\r\n</table>\r\n</td>\r\n</tr>\r\n<tr>\r\n<td style=\"margin: 0; padding: 30px 20px 20px 20px;\" align=\"left\">\r\n<table style=\"mso-table-lspace: 0pt; mso-table-rspace: 0pt; border-collapse: collapse; border-spacing: 0px;\" width=\"100%\" cellspacing=\"0\" cellpadding=\"0\">\r\n<tbody>\r\n<tr>\r\n<td class=\"es-m-p0r\" style=\"padding: 0; margin: 0; width: 560px;\" align=\"center\" valign=\"top\">\r\n<table style=\"mso-table-lspace: 0pt; mso-table-rspace: 0pt; border-collapse: collapse; border-spacing: 0px;\" width=\"100%\" cellspacing=\"0\" cellpadding=\"0\">\r\n<tbody>\r\n<tr>\r\n<td style=\"padding: 0; margin: 0; font-size: 0px;\" align=\"center\"><a style=\"-webkit-text-size-adjust: none; -ms-text-size-adjust: none; mso-line-height-rule: exactly; text-decoration: underline; color: #382c39; font-size: 16px;\" href=\"https://viewstripo.email\" target=\"_blank\" rel=\"noopener\"><img class=\"adapt-img\" style=\"display: block; border: 0; outline: none; text-decoration: none; -ms-interpolation-mode: bicubic;\" title=\"Rate us\" src=\"https://images.unsplash.com/reserve/Af0sF2OS5S5gatqrKzVP_Silhoutte.jpg?ixlib=rb-4.0.3&amp;ixid=M3wxMjA3fDB8MHxleHBsb3JlLWZlZWR8Mnx8fGVufDB8fHx8fA%3D%3D&amp;w=1000&amp;q=80\" alt=\"Rate us\" width=\"591\" height=\"394\"></a></td>\r\n</tr>\r\n<tr>\r\n<td class=\"es-m-p0t es-m-p0b\" style=\"padding: 0; margin: 0; padding-top: 20px; padding-bottom: 20px;\" align=\"center\">\r\n<h1 style=\"margin: 0; line-height: 58px; mso-line-height-rule: exactly; font-family: Cormorant, Arial, serif; font-size: 48px; font-style: normal; font-weight: normal; color: #8f2d56;\">Esto es una&nbsp; <span style=\"color: #ffffff;\"><span style=\"background-color: #73d2de; border-radius: 20px;\">&nbsp;prueba&nbsp;</span></span></h1>\r\n<h1 style=\"margin: 0; line-height: 58px; mso-line-height-rule: exactly; font-family: Cormorant, Arial, serif; font-size: 48px; font-style: normal; font-weight: normal; color: #8f2d56;\">de envio de campa&ntilde;as</h1>\r\n</td>\r\n</tr>\r\n</tbody>\r\n</table>\r\n</td>\r\n</tr>\r\n</tbody>\r\n</table>\r\n</td>\r\n</tr>\r\n<tr>\r\n<td style=\"padding: 0; margin: 0; padding-left: 20px; padding-right: 20px; padding-bottom: 30px;\" align=\"left\">\r\n<table style=\"mso-table-lspace: 0pt; mso-table-rspace: 0pt; border-collapse: collapse; border-spacing: 0px;\" width=\"100%\" cellspacing=\"0\" cellpadding=\"0\">\r\n<tbody>\r\n<tr>\r\n<td style=\"padding: 0; margin: 0; width: 560px;\" align=\"center\" valign=\"top\">\r\n<table style=\"mso-table-lspace: 0pt; mso-table-rspace: 0pt; border-collapse: collapse; border-spacing: 0px;\" width=\"100%\" cellspacing=\"0\" cellpadding=\"0\">\r\n<tbody>\r\n<tr>\r\n<td style=\"margin: 0; font-size: 0; padding: 20px 10px 20px 10px;\" align=\"center\">\r\n<table style=\"mso-table-lspace: 0pt; mso-table-rspace: 0pt; border-collapse: collapse; border-spacing: 0px;\" border=\"0\" width=\"100%\" cellspacing=\"0\" cellpadding=\"0\">\r\n<tbody>\r\n<tr>\r\n<td style=\"padding: 0; margin: 0px; border-bottom: 2px solid #218380; background: unset; height: 1px; width: 100%;\">&nbsp;</td>\r\n</tr>\r\n</tbody>\r\n</table>\r\n</td>\r\n</tr>\r\n<tr>\r\n<td style=\"padding: 0; margin: 0; padding-left: 20px; padding-right: 20px;\" align=\"left\">\r\n<p style=\"margin: 0; -webkit-text-size-adjust: none; -ms-text-size-adjust: none; mso-line-height-rule: exactly; font-family: \'Libre Franklin\', Arial, sans-serif; line-height: 24px; color: #382c39; font-size: 16px;\">At NexusWave, your opinion is invaluable to us. We continually strive to provide the best possible services to users like you, and your feedback plays a significant role in that process.</p>\r\n<p style=\"margin: 0; -webkit-text-size-adjust: none; -ms-text-size-adjust: none; mso-line-height-rule: exactly; font-family: \'Libre Franklin\', Arial, sans-serif; line-height: 24px; color: #382c39; font-size: 16px;\">&nbsp;</p>\r\n<p style=\"margin: 0; -webkit-text-size-adjust: none; -ms-text-size-adjust: none; mso-line-height-rule: exactly; font-family: \'Libre Franklin\', Arial, sans-serif; line-height: 24px; color: #382c39; font-size: 16px;\">We\'d appreciate it if you could take a moment to rate our software and share your experience. As a token of our appreciation, you\'ll receive a <strong>special discount on your next purchase </strong>after leaving your review.</p>\r\n</td>\r\n</tr>\r\n<tr>\r\n<td style=\"margin: 0; font-size: 0; padding: 20px 10px 20px 10px;\" align=\"center\">\r\n<table style=\"mso-table-lspace: 0pt; mso-table-rspace: 0pt; border-collapse: collapse; border-spacing: 0px;\" border=\"0\" width=\"100%\" cellspacing=\"0\" cellpadding=\"0\">\r\n<tbody>\r\n<tr>\r\n<td style=\"padding: 0; margin: 0px; border-bottom: 2px solid #218380; background: unset; height: 1px; width: 100%;\">&nbsp;</td>\r\n</tr>\r\n</tbody>\r\n</table>\r\n</td>\r\n</tr>\r\n<tr>\r\n<td style=\"padding: 0; margin: 0;\" align=\"center\"><!-- [if mso]><a href=\"https://viewstripo.email\" target=\"_blank\" hidden>\r\n	<v:roundrect xmlns:v=\"urn:schemas-microsoft-com:vml\" xmlns:w=\"urn:schemas-microsoft-com:office:word\" esdevVmlButton href=\"https://viewstripo.email\" \r\n                style=\"height:41px; v-text-anchor:middle; width:200px\" arcsize=\"50%\" stroke=\"f\"  fillcolor=\"#fbb13c\">\r\n		<w:anchorlock></w:anchorlock>\r\n		<center style=\'color:#ffffff; font-family:\"Libre Franklin\", Arial, sans-serif; font-size:15px; font-weight:400; line-height:15px;  mso-text-raise:1px\'>Leave a review</center>\r\n	</v:roundrect></a>\r\n<![endif]--><!-- [if !mso]><!-- --><span class=\"msohide es-button-border\" style=\"background: #FBB13C; display: inline-block; border-radius: 30px; width: auto; mso-hide: all; border: 0px solid #2CB543;\"><a class=\"es-button\" style=\"mso-style-priority: 100 !important; text-decoration: none; -webkit-text-size-adjust: none; -ms-text-size-adjust: none; mso-line-height-rule: exactly; color: #ffffff; font-size: 18px; display: inline-block; background: #FBB13C; border-radius: 30px; font-family: \'Libre Franklin\', Arial, sans-serif; font-weight: normal; font-style: normal; line-height: 22px; width: auto; text-align: center; padding: 10px 30px 10px 30px; mso-padding-alt: 0; mso-border-alt: 10px solid #FBB13C;\" href=\"https://viewstripo.email\" target=\"_blank\" rel=\"noopener\">Leave a review</a></span><!--<![endif]--></td>\r\n</tr>\r\n</tbody>\r\n</table>\r\n</td>\r\n</tr>\r\n</tbody>\r\n</table>\r\n</td>\r\n</tr>\r\n</tbody>\r\n</table>\r\n</td>\r\n</tr>\r\n</tbody>\r\n</table>\r\n<table class=\"es-content\" style=\"mso-table-lspace: 0pt; mso-table-rspace: 0pt; border-collapse: collapse; border-spacing: 0px; table-layout: fixed !important; width: 100%;\" cellspacing=\"0\" cellpadding=\"0\" align=\"center\">\r\n<tbody>\r\n<tr>\r\n<td style=\"padding: 0; margin: 0;\" align=\"center\">\r\n<table class=\"es-content-body\" style=\"mso-table-lspace: 0pt; mso-table-rspace: 0pt; border-collapse: collapse; border-spacing: 0px; background-color: #fef5e6; width: 600px;\" cellspacing=\"0\" cellpadding=\"0\" align=\"center\" bgcolor=\"#fef5e6\">\r\n<tbody>\r\n<tr>\r\n<td style=\"margin: 0; padding: 10px 20px 10px 20px;\" align=\"left\">\r\n<table style=\"mso-table-lspace: 0pt; mso-table-rspace: 0pt; border-collapse: collapse; border-spacing: 0px;\" width=\"100%\" cellspacing=\"0\" cellpadding=\"0\">\r\n<tbody>\r\n<tr>\r\n<td class=\"es-m-p0r es-m-p20b\" style=\"padding: 0; margin: 0; width: 560px;\" align=\"center\" valign=\"top\">\r\n<table style=\"mso-table-lspace: 0pt; mso-table-rspace: 0pt; border-collapse: collapse; border-spacing: 0px;\" width=\"100%\" cellspacing=\"0\" cellpadding=\"0\">\r\n<tbody>\r\n<tr>\r\n<td class=\"es-m-p0b\" style=\"padding: 0; margin: 0; padding-bottom: 20px; padding-top: 40px;\" align=\"center\">\r\n<h1 style=\"margin: 0; line-height: 58px; mso-line-height-rule: exactly; font-family: Cormorant, Arial, serif; font-size: 48px; font-style: normal; font-weight: normal; color: #8f2d56;\">Here\'s what users say</h1>\r\n</td>\r\n</tr>\r\n</tbody>\r\n</table>\r\n</td>\r\n</tr>\r\n</tbody>\r\n</table>\r\n</td>\r\n</tr>\r\n<tr>\r\n<td style=\"margin: 0; padding: 20px 40px 20px 40px;\" align=\"left\"><!-- [if mso]><table style=\"width:520px\" cellpadding=\"0\" cellspacing=\"0\"><tr><td style=\"width:60px\" valign=\"top\"><![endif]-->\r\n<table class=\"es-left\" style=\"mso-table-lspace: 0pt; mso-table-rspace: 0pt; border-collapse: collapse; border-spacing: 0px; float: left;\" cellspacing=\"0\" cellpadding=\"0\" align=\"left\">\r\n<tbody>\r\n<tr>\r\n<td class=\"es-m-p0r es-m-p20b\" style=\"padding: 0; margin: 0; width: 60px;\" align=\"center\">\r\n<table style=\"mso-table-lspace: 0pt; mso-table-rspace: 0pt; border-collapse: collapse; border-spacing: 0px;\" width=\"100%\" cellspacing=\"0\" cellpadding=\"0\">\r\n<tbody>\r\n<tr>\r\n<td style=\"padding: 0; margin: 0; font-size: 0px;\" align=\"center\"><a style=\"-webkit-text-size-adjust: none; -ms-text-size-adjust: none; mso-line-height-rule: exactly; text-decoration: underline; color: #382c39; font-size: 16px;\" href=\"https://viewstripo.email\" target=\"_blank\" rel=\"noopener\"><img class=\"b_image\" style=\"display: block; border: 0; outline: none; text-decoration: none; -ms-interpolation-mode: bicubic;\" src=\"https://meeefc.stripocdn.email/content/guids/CABINET_120d3670680229e72deb0833175759846a7fb5b79f03452e994a20bc9168c3bc/images/smiling.png\" alt=\"\" width=\"60\"></a></td>\r\n</tr>\r\n</tbody>\r\n</table>\r\n</td>\r\n</tr>\r\n</tbody>\r\n</table>\r\n<!-- [if mso]></td><td style=\"width:20px\"></td><td style=\"width:440px\" valign=\"top\"><![endif]-->\r\n<table class=\"es-right\" style=\"mso-table-lspace: 0pt; mso-table-rspace: 0pt; border-collapse: collapse; border-spacing: 0px; float: right;\" cellspacing=\"0\" cellpadding=\"0\" align=\"right\">\r\n<tbody>\r\n<tr>\r\n<td style=\"padding: 0; margin: 0; width: 440px;\" align=\"center\">\r\n<table style=\"mso-table-lspace: 0pt; mso-table-rspace: 0pt; border-collapse: separate; border-spacing: 0px; background-color: #ffffff; border-radius: 20px;\" width=\"100%\" cellspacing=\"0\" cellpadding=\"0\" bgcolor=\"#ffffff\">\r\n<tbody>\r\n<tr>\r\n<td class=\"es-m-txt-l\" style=\"padding: 20px; margin: 0;\" align=\"left\">\r\n<p class=\"b_description\" style=\"margin: 0; -webkit-text-size-adjust: none; -ms-text-size-adjust: none; mso-line-height-rule: exactly; font-family: \'Libre Franklin\', Arial, sans-serif; line-height: 24px; color: #382c39; font-size: 16px;\">&laquo;I\'ve been using NexusWave for over a year now, and it has truly transformed my workflow. The intuitive interface and powerful features make it an indispensable tool in my day-to-day work.&raquo;</p>\r\n</td>\r\n</tr>\r\n<tr>\r\n<td class=\"es-m-txt-c\" style=\"padding: 0; margin: 0; padding-bottom: 20px; padding-left: 20px; padding-right: 20px;\" align=\"left\">\r\n<h4 style=\"margin: 0; line-height: 100%; mso-line-height-rule: exactly; font-family: Cormorant, Arial, serif; color: #8f2d56;\"><em>Olivia Cobb</em></h4>\r\n</td>\r\n</tr>\r\n</tbody>\r\n</table>\r\n</td>\r\n</tr>\r\n</tbody>\r\n</table>\r\n<!-- [if mso]></td></tr></table><![endif]--></td>\r\n</tr>\r\n<tr>\r\n<td style=\"margin: 0; padding: 20px 40px 20px 40px;\" align=\"left\"><!-- [if mso]><table style=\"width:520px\" cellpadding=\"0\" cellspacing=\"0\"><tr><td style=\"width:60px\" valign=\"top\"><![endif]-->\r\n<table class=\"es-left\" style=\"mso-table-lspace: 0pt; mso-table-rspace: 0pt; border-collapse: collapse; border-spacing: 0px; float: left;\" cellspacing=\"0\" cellpadding=\"0\" align=\"left\">\r\n<tbody>\r\n<tr>\r\n<td class=\"es-m-p0r es-m-p20b\" style=\"padding: 0; margin: 0; width: 60px;\" align=\"center\">\r\n<table style=\"mso-table-lspace: 0pt; mso-table-rspace: 0pt; border-collapse: collapse; border-spacing: 0px;\" width=\"100%\" cellspacing=\"0\" cellpadding=\"0\">\r\n<tbody>\r\n<tr>\r\n<td style=\"padding: 0; margin: 0; font-size: 0px;\" align=\"center\"><a style=\"-webkit-text-size-adjust: none; -ms-text-size-adjust: none; mso-line-height-rule: exactly; text-decoration: underline; color: #382c39; font-size: 16px;\" href=\"https://viewstripo.email\" target=\"_blank\" rel=\"noopener\"><img class=\"b_image\" style=\"display: block; border: 0; outline: none; text-decoration: none; -ms-interpolation-mode: bicubic;\" src=\"https://meeefc.stripocdn.email/content/guids/CABINET_120d3670680229e72deb0833175759846a7fb5b79f03452e994a20bc9168c3bc/images/smile.png\" alt=\"\" width=\"60\"></a></td>\r\n</tr>\r\n</tbody>\r\n</table>\r\n</td>\r\n</tr>\r\n</tbody>\r\n</table>\r\n<!-- [if mso]></td><td style=\"width:20px\"></td><td style=\"width:440px\" valign=\"top\"><![endif]-->\r\n<table class=\"es-right\" style=\"mso-table-lspace: 0pt; mso-table-rspace: 0pt; border-collapse: collapse; border-spacing: 0px; float: right;\" cellspacing=\"0\" cellpadding=\"0\" align=\"right\">\r\n<tbody>\r\n<tr>\r\n<td style=\"padding: 0; margin: 0; width: 440px;\" align=\"center\">\r\n<table style=\"mso-table-lspace: 0pt; mso-table-rspace: 0pt; border-collapse: separate; border-spacing: 0px; background-color: #ffffff; border-radius: 20px;\" width=\"100%\" cellspacing=\"0\" cellpadding=\"0\" bgcolor=\"#ffffff\">\r\n<tbody>\r\n<tr>\r\n<td class=\"es-m-txt-l\" style=\"padding: 20px; margin: 0;\" align=\"left\">\r\n<p class=\"b_description\" style=\"margin: 0; -webkit-text-size-adjust: none; -ms-text-size-adjust: none; mso-line-height-rule: exactly; font-family: \'Libre Franklin\', Arial, sans-serif; line-height: 24px; color: #382c39; font-size: 16px;\">&laquo;Your software has drastically improved my team\'s productivity. It\'s easy to use, and the customer support is top-notch!&raquo;</p>\r\n</td>\r\n</tr>\r\n<tr>\r\n<td class=\"es-m-txt-c\" style=\"padding: 0; margin: 0; padding-bottom: 20px; padding-left: 20px; padding-right: 20px;\" align=\"left\">\r\n<h4 style=\"margin: 0; line-height: 100%; mso-line-height-rule: exactly; font-family: Cormorant, Arial, serif; color: #8f2d56;\"><em>Baldwin Hodges</em></h4>\r\n</td>\r\n</tr>\r\n</tbody>\r\n</table>\r\n</td>\r\n</tr>\r\n</tbody>\r\n</table>\r\n<!-- [if mso]></td></tr></table><![endif]--></td>\r\n</tr>\r\n<tr>\r\n<td style=\"margin: 0; padding: 20px 40px 20px 40px;\" align=\"left\"><!-- [if mso]><table style=\"width:520px\" cellpadding=\"0\" cellspacing=\"0\"><tr><td style=\"width:60px\" valign=\"top\"><![endif]-->\r\n<table class=\"es-left\" style=\"mso-table-lspace: 0pt; mso-table-rspace: 0pt; border-collapse: collapse; border-spacing: 0px; float: left;\" cellspacing=\"0\" cellpadding=\"0\" align=\"left\">\r\n<tbody>\r\n<tr>\r\n<td class=\"es-m-p0r es-m-p20b\" style=\"padding: 0; margin: 0; width: 60px;\" align=\"center\">\r\n<table style=\"mso-table-lspace: 0pt; mso-table-rspace: 0pt; border-collapse: collapse; border-spacing: 0px;\" width=\"100%\" cellspacing=\"0\" cellpadding=\"0\">\r\n<tbody>\r\n<tr>\r\n<td style=\"padding: 0; margin: 0; font-size: 0px;\" align=\"center\"><a style=\"-webkit-text-size-adjust: none; -ms-text-size-adjust: none; mso-line-height-rule: exactly; text-decoration: underline; color: #382c39; font-size: 16px;\" href=\"https://viewstripo.email\" target=\"_blank\" rel=\"noopener\"><img class=\"b_image\" style=\"display: block; border: 0; outline: none; text-decoration: none; -ms-interpolation-mode: bicubic;\" src=\"https://meeefc.stripocdn.email/content/guids/CABINET_120d3670680229e72deb0833175759846a7fb5b79f03452e994a20bc9168c3bc/images/wink.png\" alt=\"\" width=\"60\"></a></td>\r\n</tr>\r\n</tbody>\r\n</table>\r\n</td>\r\n</tr>\r\n</tbody>\r\n</table>\r\n<!-- [if mso]></td><td style=\"width:20px\"></td><td style=\"width:440px\" valign=\"top\"><![endif]-->\r\n<table class=\"es-right\" style=\"mso-table-lspace: 0pt; mso-table-rspace: 0pt; border-collapse: collapse; border-spacing: 0px; float: right;\" cellspacing=\"0\" cellpadding=\"0\" align=\"right\">\r\n<tbody>\r\n<tr>\r\n<td style=\"padding: 0; margin: 0; width: 440px;\" align=\"center\">\r\n<table style=\"mso-table-lspace: 0pt; mso-table-rspace: 0pt; border-collapse: separate; border-spacing: 0px; background-color: #ffffff; border-radius: 20px;\" width=\"100%\" cellspacing=\"0\" cellpadding=\"0\" bgcolor=\"#ffffff\">\r\n<tbody>\r\n<tr>\r\n<td class=\"es-m-txt-l\" style=\"padding: 20px; margin: 0;\" align=\"left\">\r\n<p class=\"b_description\" style=\"margin: 0; -webkit-text-size-adjust: none; -ms-text-size-adjust: none; mso-line-height-rule: exactly; font-family: \'Libre Franklin\', Arial, sans-serif; line-height: 24px; color: #382c39; font-size: 16px;\">&laquo;This is hands down the best software I\'ve used in my business. It\'s streamlined our processes, saving us time and resources. Highly recommend!&raquo;</p>\r\n</td>\r\n</tr>\r\n<tr>\r\n<td class=\"es-m-txt-c\" style=\"padding: 0; margin: 0; padding-bottom: 20px; padding-left: 20px; padding-right: 20px;\" align=\"left\">\r\n<h4 style=\"margin: 0; line-height: 100%; mso-line-height-rule: exactly; font-family: Cormorant, Arial, serif; color: #8f2d56;\"><em>Neal Douglas</em></h4>\r\n</td>\r\n</tr>\r\n</tbody>\r\n</table>\r\n</td>\r\n</tr>\r\n</tbody>\r\n</table>\r\n<!-- [if mso]></td></tr></table><![endif]--></td>\r\n</tr>\r\n<tr>\r\n<td style=\"margin: 0; padding: 20px 20px 40px 20px;\" align=\"left\">\r\n<table style=\"mso-table-lspace: 0pt; mso-table-rspace: 0pt; border-collapse: collapse; border-spacing: 0px;\" width=\"100%\" cellspacing=\"0\" cellpadding=\"0\">\r\n<tbody>\r\n<tr>\r\n<td style=\"padding: 0; margin: 0; width: 560px;\" align=\"center\" valign=\"top\">\r\n<table style=\"mso-table-lspace: 0pt; mso-table-rspace: 0pt; border-collapse: collapse; border-spacing: 0px;\" width=\"100%\" cellspacing=\"0\" cellpadding=\"0\">\r\n<tbody>\r\n<tr>\r\n<td style=\"padding: 0; margin: 0;\" align=\"center\"><!-- [if mso]><a href=\"https://viewstripo.email\" target=\"_blank\" hidden>\r\n	<v:roundrect xmlns:v=\"urn:schemas-microsoft-com:vml\" xmlns:w=\"urn:schemas-microsoft-com:office:word\" esdevVmlButton href=\"https://viewstripo.email\" \r\n                style=\"height:41px; v-text-anchor:middle; width:241px\" arcsize=\"50%\" stroke=\"f\"  fillcolor=\"#fbb13c\">\r\n		<w:anchorlock></w:anchorlock>\r\n		<center style=\'color:#ffffff; font-family:\"Libre Franklin\", Arial, sans-serif; font-size:15px; font-weight:400; line-height:15px;  mso-text-raise:1px\'>Get special discount</center>\r\n	</v:roundrect></a>\r\n<![endif]--><!-- [if !mso]><!-- --><span class=\"msohide es-button-border\" style=\"background: #FBB13C; display: inline-block; border-radius: 30px; width: auto; mso-hide: all; border: 0px solid #2CB543;\"><a class=\"es-button\" style=\"mso-style-priority: 100 !important; text-decoration: none; -webkit-text-size-adjust: none; -ms-text-size-adjust: none; mso-line-height-rule: exactly; color: #ffffff; font-size: 18px; display: inline-block; background: #FBB13C; border-radius: 30px; font-family: \'Libre Franklin\', Arial, sans-serif; font-weight: normal; font-style: normal; line-height: 22px; width: auto; text-align: center; padding: 10px 30px 10px 30px; mso-padding-alt: 0; mso-border-alt: 10px solid #FBB13C;\" href=\"https://viewstripo.email\" target=\"_blank\" rel=\"noopener\">Get special discount</a></span><!--<![endif]--></td>\r\n</tr>\r\n</tbody>\r\n</table>\r\n</td>\r\n</tr>\r\n</tbody>\r\n</table>\r\n</td>\r\n</tr>\r\n</tbody>\r\n</table>\r\n</td>\r\n</tr>\r\n</tbody>\r\n</table>\r\n<table class=\"es-footer\" style=\"mso-table-lspace: 0pt; mso-table-rspace: 0pt; border-collapse: collapse; border-spacing: 0px; table-layout: fixed !important; width: 100%; background-color: transparent; background-repeat: repeat; background-position: center top;\" cellspacing=\"0\" cellpadding=\"0\" align=\"center\">\r\n<tbody>\r\n<tr>\r\n<td style=\"padding: 0; margin: 0;\" align=\"center\">\r\n<table class=\"es-footer-body\" style=\"mso-table-lspace: 0pt; mso-table-rspace: 0pt; border-collapse: collapse; border-spacing: 0px; background-color: #218380; width: 600px;\" cellspacing=\"0\" cellpadding=\"0\" align=\"center\" bgcolor=\"#ffffff\">\r\n<tbody>\r\n<tr>\r\n<td style=\"margin: 0; padding: 30px 20px 30px 20px;\" align=\"left\">\r\n<table style=\"mso-table-lspace: 0pt; mso-table-rspace: 0pt; border-collapse: collapse; border-spacing: 0px;\" width=\"100%\" cellspacing=\"0\" cellpadding=\"0\">\r\n<tbody>\r\n<tr>\r\n<td style=\"padding: 0; margin: 0; width: 560px;\" align=\"left\">\r\n<table style=\"mso-table-lspace: 0pt; mso-table-rspace: 0pt; border-collapse: collapse; border-spacing: 0px;\" width=\"100%\" cellspacing=\"0\" cellpadding=\"0\">\r\n<tbody>\r\n<tr>\r\n<td style=\"padding: 0; margin: 0; padding-top: 5px; padding-bottom: 10px;\" align=\"center\">\r\n<p style=\"margin: 0; -webkit-text-size-adjust: none; -ms-text-size-adjust: none; mso-line-height-rule: exactly; font-family: \'Libre Franklin\', Arial, sans-serif; line-height: 21px; color: #ffffff; font-size: 14px;\">You are receiving this email because you signed up to&nbsp;NexusWave</p>\r\n</td>\r\n</tr>\r\n<tr>\r\n<td style=\"margin: 0; font-size: 0; padding: 20px 10px 20px 10px;\" align=\"center\">\r\n<table style=\"mso-table-lspace: 0pt; mso-table-rspace: 0pt; border-collapse: collapse; border-spacing: 0px;\" border=\"0\" width=\"100%\" cellspacing=\"0\" cellpadding=\"0\">\r\n<tbody>\r\n<tr>\r\n<td style=\"padding: 0; margin: 0px; border-bottom: 2px solid #73d2de; background: unset; height: 1px; width: 100%;\">&nbsp;</td>\r\n</tr>\r\n</tbody>\r\n</table>\r\n</td>\r\n</tr>\r\n<tr>\r\n<td style=\"padding: 0; margin: 0; padding-top: 5px; padding-bottom: 5px;\" align=\"center\">\r\n<p style=\"margin: 0; -webkit-text-size-adjust: none; -ms-text-size-adjust: none; mso-line-height-rule: exactly; font-family: \'Libre Franklin\', Arial, sans-serif; line-height: 21px; color: #ffffff; font-size: 14px;\">Made for you with&nbsp;???? from&nbsp;NexusWave</p>\r\n</td>\r\n</tr>\r\n<tr>\r\n<td style=\"padding: 0; margin: 0; padding-top: 5px; padding-bottom: 5px;\" align=\"center\">\r\n<p style=\"margin: 0; -webkit-text-size-adjust: none; -ms-text-size-adjust: none; mso-line-height-rule: exactly; font-family: \'Libre Franklin\', Arial, sans-serif; line-height: 21px; color: #ffffff; font-size: 14px;\">5836 Pleasant Pines, Pray, Prince Edward Island</p>\r\n</td>\r\n</tr>\r\n<tr>\r\n<td style=\"padding: 0; margin: 0; padding-top: 5px; padding-bottom: 5px;\" align=\"center\">\r\n<p style=\"margin: 0; -webkit-text-size-adjust: none; -ms-text-size-adjust: none; mso-line-height-rule: exactly; font-family: \'Libre Franklin\', Arial, sans-serif; line-height: 21px; color: #ffffff; font-size: 14px;\"><a style=\"-webkit-text-size-adjust: none; -ms-text-size-adjust: none; mso-line-height-rule: exactly; text-decoration: underline; color: #ffffff; font-size: 14px;\" href=\"https://viewstripo.email\" target=\"_blank\" rel=\"noopener\">Visit nexuswave.com</a>&nbsp;&bull; <a style=\"-webkit-text-size-adjust: none; -ms-text-size-adjust: none; mso-line-height-rule: exactly; text-decoration: underline; color: #ffffff; font-size: 14px;\" target=\"_blank\" rel=\"noopener\">Unsubscribe</a></p>\r\n</td>\r\n</tr>\r\n<tr>\r\n<td style=\"padding: 0; margin: 0; padding-top: 15px; padding-bottom: 15px; font-size: 0px;\" align=\"center\">\r\n<table class=\"es-table-not-adapt es-social\" style=\"mso-table-lspace: 0pt; mso-table-rspace: 0pt; border-collapse: collapse; border-spacing: 0px;\" cellspacing=\"0\" cellpadding=\"0\">\r\n<tbody>\r\n<tr>\r\n<td style=\"padding: 0; margin: 0; padding-right: 20px;\" align=\"center\" valign=\"top\"><a style=\"-webkit-text-size-adjust: none; -ms-text-size-adjust: none; mso-line-height-rule: exactly; text-decoration: underline; color: #ffffff; font-size: 14px;\" href=\"https://viewstripo.email\" target=\"_blank\" rel=\"noopener\"><img style=\"display: block; border: 0; outline: none; text-decoration: none; -ms-interpolation-mode: bicubic;\" title=\"Facebook\" src=\"https://meeefc.stripocdn.email/content/assets/img/social-icons/logo-white/facebook-logo-white.png\" alt=\"Fb\" width=\"24\"></a></td>\r\n<td style=\"padding: 0; margin: 0; padding-right: 20px;\" align=\"center\" valign=\"top\"><a style=\"-webkit-text-size-adjust: none; -ms-text-size-adjust: none; mso-line-height-rule: exactly; text-decoration: underline; color: #ffffff; font-size: 14px;\" href=\"https://viewstripo.email\" target=\"_blank\" rel=\"noopener\"><img style=\"display: block; border: 0; outline: none; text-decoration: none; -ms-interpolation-mode: bicubic;\" title=\"Twitter\" src=\"https://meeefc.stripocdn.email/content/assets/img/social-icons/logo-white/twitter-logo-white.png\" alt=\"Tw\" width=\"24\"></a></td>\r\n<td style=\"padding: 0; margin: 0;\" align=\"center\" valign=\"top\"><a style=\"-webkit-text-size-adjust: none; -ms-text-size-adjust: none; mso-line-height-rule: exactly; text-decoration: underline; color: #ffffff; font-size: 14px;\" href=\"https://viewstripo.email\" target=\"_blank\" rel=\"noopener\"><img style=\"display: block; border: 0; outline: none; text-decoration: none; -ms-interpolation-mode: bicubic;\" title=\"Instagram\" src=\"https://meeefc.stripocdn.email/content/assets/img/social-icons/logo-white/instagram-logo-white.png\" alt=\"Ig\" width=\"24\"></a></td>\r\n</tr>\r\n</tbody>\r\n</table>\r\n</td>\r\n</tr>\r\n</tbody>\r\n</table>\r\n</td>\r\n</tr>\r\n</tbody>\r\n</table>\r\n</td>\r\n</tr>\r\n</tbody>\r\n</table>\r\n</td>\r\n</tr>\r\n</tbody>\r\n</table>\r\n<table class=\"es-content\" style=\"mso-table-lspace: 0pt; mso-table-rspace: 0pt; border-collapse: collapse; border-spacing: 0px; table-layout: fixed !important; width: 100%;\" cellspacing=\"0\" cellpadding=\"0\" align=\"center\">\r\n<tbody>\r\n<tr>\r\n<td style=\"padding: 0; margin: 0;\" align=\"center\">\r\n<table class=\"es-content-body\" style=\"mso-table-lspace: 0pt; mso-table-rspace: 0pt; border-collapse: collapse; border-spacing: 0px; background-color: transparent; width: 600px;\" cellspacing=\"0\" cellpadding=\"0\" align=\"center\">\r\n<tbody>\r\n<tr>\r\n<td style=\"padding: 20px; margin: 0;\" align=\"left\">\r\n<table style=\"mso-table-lspace: 0pt; mso-table-rspace: 0pt; border-collapse: collapse; border-spacing: 0px;\" width=\"100%\" cellspacing=\"0\" cellpadding=\"0\">\r\n<tbody>\r\n<tr>\r\n<td style=\"padding: 0; margin: 0; width: 560px;\" align=\"center\" valign=\"top\">\r\n<table style=\"mso-table-lspace: 0pt; mso-table-rspace: 0pt; border-collapse: collapse; border-spacing: 0px;\" width=\"100%\" cellspacing=\"0\" cellpadding=\"0\">\r\n<tbody>\r\n<tr>\r\n<td class=\"es-infoblock made_with\" style=\"padding: 0; margin: 0; line-height: 120%; font-size: 0; color: #cccccc;\" align=\"center\"><a style=\"-webkit-text-size-adjust: none; -ms-text-size-adjust: none; mso-line-height-rule: exactly; text-decoration: underline; color: #cccccc; font-size: 12px;\" href=\"https://viewstripo.email/?utm_source=templates&amp;utm_medium=email&amp;utm_campaign=fashion_8&amp;utm_content=hot_prices\" target=\"_blank\" rel=\"noopener\"><img style=\"display: block; border: 0; outline: none; text-decoration: none; -ms-interpolation-mode: bicubic;\" src=\"https://meeefc.stripocdn.email/content/guids/CABINET_09023af45624943febfa123c229a060b/images/7911561025989373.png\" alt=\"\" width=\"125\"></a></td>\r\n</tr>\r\n</tbody>\r\n</table>\r\n</td>\r\n</tr>\r\n</tbody>\r\n</table>\r\n</td>\r\n</tr>\r\n</tbody>\r\n</table>\r\n</td>\r\n</tr>\r\n</tbody>\r\n</table>\r\n</td>\r\n</tr>\r\n</tbody>\r\n</table>\r\n<p>&nbsp;</p>');

-- --------------------------------------------------------

--
-- Estructura de tabla para la tabla `list`
--

CREATE TABLE `list` (
  `id_list` int(11) NOT NULL,
  `nombre_list` varchar(50) NOT NULL,
  `created_at` datetime NOT NULL
) ENGINE=InnoDB DEFAULT CHARSET=utf8mb4;

--
-- Volcado de datos para la tabla `list`
--

INSERT INTO `list` (`id_list`, `nombre_list`, `created_at`) VALUES
(1, 'Prueba', '2023-03-21 15:19:57'),
(2, 'Prueba2', '2023-03-22 23:42:37'),
(3, 'Nuevo', '0000-00-00 00:00:00'),
(4, 'Nuevo23', '0000-00-00 00:00:00'),
(40, 'Prueba3', '0000-00-00 00:00:00'),
(50, 'Lista1', '0000-00-00 00:00:00'),
(51, 'Lista Vacia', '0000-00-00 00:00:00');

-- --------------------------------------------------------

--
-- Estructura de tabla para la tabla `person`
--

CREATE TABLE `person` (
  `id_person` int(11) NOT NULL,
  `nombre_person` varchar(50) NOT NULL,
  `apaterno` varchar(50) NOT NULL,
  `person_correo` varchar(255) NOT NULL,
  `list_id` int(11) NOT NULL
) ENGINE=InnoDB DEFAULT CHARSET=utf8mb4;

--
-- Volcado de datos para la tabla `person`
--

INSERT INTO `person` (`id_person`, `nombre_person`, `apaterno`, `person_correo`, `list_id`) VALUES
(7, 'Pedro', 'Valle Rodriguez', 'lobo1211@live.com.mx', 2),
(103, 'Jose', 'Perez', 'lobo1211@live.com.mx', 3),
(104, 'Manuel', 'Bahena Garcia', 'emiliano_ortiz_valle@hotmail.com', 3),
(105, 'Ramon', 'Salgado', 'emiliano_ortiz154@hotmail.com', 3),
(111, 'Luis', 'Salgado', 'angelsalg@outlook.com', 4),
(112, 'Emiliano', 'Ortiz', 'emiliano_ortiz_valle@hotmail.com', 1),
(116, 'Ramon', 'Salgado', 'ramon@correo.com\n', 50),
(118, 'Antonio', 'Aviles', 'antonioaviles908@gmail.com', 2),
(119, 'Diegoo', 'Gallegos', 'diegogallegos341@gmail.com', 51),
(120, 'Emiliano', 'Ortiz', 'bbb@correo.com', 51);

-- --------------------------------------------------------

--
-- Estructura de tabla para la tabla `usuarios`
--

CREATE TABLE `usuarios` (
  `id` int(11) NOT NULL,
  `nombre` varchar(50) NOT NULL,
  `apaterno` varchar(50) NOT NULL,
  `amaterno` varchar(50) NOT NULL,
  `usu_correo` varchar(150) NOT NULL,
  `password` varchar(50) NOT NULL
) ENGINE=InnoDB DEFAULT CHARSET=utf8mb4;

--
-- Volcado de datos para la tabla `usuarios`
--

INSERT INTO `usuarios` (`id`, `nombre`, `apaterno`, `amaterno`, `usu_correo`, `password`) VALUES
(1, 'Emiliano', 'Ortiz', 'Valle', 'emiliano@correo.com', '12345');

--
-- Índices para tablas volcadas
--

--
-- Indices de la tabla `campain`
--
ALTER TABLE `campain`
  ADD PRIMARY KEY (`id_campain`);

--
-- Indices de la tabla `list`
--
ALTER TABLE `list`
  ADD PRIMARY KEY (`id_list`);

--
-- Indices de la tabla `person`
--
ALTER TABLE `person`
  ADD PRIMARY KEY (`id_person`),
  ADD KEY `list_id` (`list_id`);

--
-- Indices de la tabla `usuarios`
--
ALTER TABLE `usuarios`
  ADD PRIMARY KEY (`id`);

--
-- AUTO_INCREMENT de las tablas volcadas
--

--
-- AUTO_INCREMENT de la tabla `campain`
--
ALTER TABLE `campain`
  MODIFY `id_campain` int(11) NOT NULL AUTO_INCREMENT, AUTO_INCREMENT=27;

--
-- AUTO_INCREMENT de la tabla `list`
--
ALTER TABLE `list`
  MODIFY `id_list` int(11) NOT NULL AUTO_INCREMENT, AUTO_INCREMENT=52;

--
-- AUTO_INCREMENT de la tabla `person`
--
ALTER TABLE `person`
  MODIFY `id_person` int(11) NOT NULL AUTO_INCREMENT, AUTO_INCREMENT=124;

--
-- AUTO_INCREMENT de la tabla `usuarios`
--
ALTER TABLE `usuarios`
  MODIFY `id` int(11) NOT NULL AUTO_INCREMENT, AUTO_INCREMENT=2;

--
-- Restricciones para tablas volcadas
--

--
-- Filtros para la tabla `person`
--
ALTER TABLE `person`
  ADD CONSTRAINT `person_ibfk_1` FOREIGN KEY (`list_id`) REFERENCES `list` (`id_list`);
COMMIT;

/*!40101 SET CHARACTER_SET_CLIENT=@OLD_CHARACTER_SET_CLIENT */;
/*!40101 SET CHARACTER_SET_RESULTS=@OLD_CHARACTER_SET_RESULTS */;
/*!40101 SET COLLATION_CONNECTION=@OLD_COLLATION_CONNECTION */;
